forecast_group,strategy_label,n_specs,avg_sharpe_net,avg_ceq_gain_vs_har_gamma3,share_beats_har_gamma3,avg_ceq_gain_vs_always_short_gamma3,avg_ceq_gain_vs_always_short_gamma5,share_beats_always_short_gamma3,avg_drawdown_diff_vs_always_short,avg_pct_months_traded
Always-short benchmark,Always short volatility,1,3.05445545831452,,,0,0,,0,1
HAR forecast benchmark,Short-only exit,1,2.84741563962602,0,0,-0.392594881489661,-0.467165289916969,0,0,0.954838709677419
HAR forecast benchmark,Scaled short-only,1,1.3913743641749,0,0,-0.77396204913685,1.35806008386205,0,1.94033951888865,0.8
All individual ML forecasts,Short-only exit,16,2.89031192086052,0.138186075526821,0.5625,-0.25440880596284,-0.210460739128424,0.125,0.0420350569774093,0.937903225806452
All individual ML forecasts,Scaled short-only,16,1.8189487383659,0.229499596506881,0.6875,-0.544462452629969,1.28131154508133,0.0625,1.93007235565794,0.785887096774194
Forecast combinations,Short-only exit,9,2.90733314889671,0.131400591286389,0.777777777777778,-0.261194290203272,-0.281234057423364,0.111111111111111,0,0.959139784946237
Forecast combinations,Scaled short-only,9,1.88567068022026,0.258721664957079,0.888888888888889,-0.515240384179771,1.27555907270011,0,1.92634194125015,0.805017921146953
Stacked combinations,Short-only exit,2,3.02017026248663,0.329380054821034,1,-0.0632148266686265,-0.0737152590730457,0,0,0.993548387096774
Stacked combinations,Scaled short-only,2,2.31653785378221,0.552300382539809,1,-0.221661666597041,1.28400435443611,0,1.84201258396527,0.838709677419355
