rank,model_group,model,information_set,strategy_type,strategy_category,sharpe_net,ceq_gain_vs_always_short_gamma3_annualized,max_drawdown_diff_vs_always_short,pct_months_traded,avg_turnover,annualized_mean_return_net,max_drawdown,worst_monthly_return,hit_ratio
1,ML,Random Forest,HAR+Macro+Option,short_only_exit_when_negative,short_vol_risk_control,3.3071567208925,0.588871313665526,0,0.980645161290323,0.0451612903225806,5.12870726019033,-3.46301893815756,-2.78845802651901,0.916129032258065
2,ML,Neural Network,HAR+Macro+Option,short_only_exit_when_negative,short_vol_risk_control,3.0253316202029,0.250214639065266,7.105427357601e-15,0.838709677419355,0.251612903225806,4.49717297245971,-3.46301893815755,-2.78845802651901,0.8
3,Combination,Equal Weight,HAR+Macro,short_only_exit_when_negative,short_vol_risk_control,3.10714012645313,0.240211657899248,0,0.935483870967742,0.12258064516129,4.8941055801322,-3.46301893815756,-2.78845802651901,0.870967741935484
4,ML,Random Forest,HAR+Macro+Option,binary_timing,long_short,3.16705915646132,0.235008986331327,0,1,0.0838709677419355,5.17975575598781,-3.46301893815756,-2.78845802651901,0.916129032258065
5,ML,Elastic Net,HAR+Option,scaled_long_short,scaled,2.6587451281265,0.147076021989903,1.94873197113698,0.845161290322581,0.186563406344834,3.03821014411086,-1.51428696702058,-1.0417950388203,0.92258064516129
6,ML,Elastic Net,HAR+Option,scaled_short_only,scaled_short_vol_risk_control,2.6587451281265,0.147076021989903,1.94873197113698,0.845161290322581,0.186563406344834,3.03821014411086,-1.51428696702058,-1.0417950388203,0.92258064516129
7,ML,Elastic Net,HAR+Option,binary_timing,long_short,3.05445545831452,0,0,1,0.00645161290322581,5.07765876439285,-3.46301893815756,-2.78845802651901,0.92258064516129
8,ML,Elastic Net,HAR+Option,short_only_exit_when_negative,short_vol_risk_control,3.05445545831452,0,0,1,0.00645161290322581,5.07765876439285,-3.46301893815756,-2.78845802651901,0.92258064516129
9,ML,Random Forest,HAR+Option,binary_timing,long_short,3.05445545831452,0,0,1,0.00645161290322581,5.07765876439285,-3.46301893815756,-2.78845802651901,0.92258064516129
10,ML,Random Forest,HAR+Option,short_only_exit_when_negative,short_vol_risk_control,3.05445545831452,0,0,1,0.00645161290322581,5.07765876439285,-3.46301893815756,-2.78845802651901,0.92258064516129
11,Stacked,Stacked Random Forest,Multiple,short_only_exit_when_negative,short_vol_risk_control,3.02265691199723,-0.0605260395911247,0,0.993548387096774,0.0193548387096774,5.036556213542,-3.46301893815756,-2.78845802651901,0.916129032258065
12,Stacked,Stacked Elastic Net,Multiple,short_only_exit_when_negative,short_vol_risk_control,3.01768361297602,-0.0659036137461284,0,0.993548387096774,0.0193548387096774,5.02383295911972,-3.46301893815756,-2.78845802651901,0.916129032258065
13,Combination,Random Forest EW,Multiple,short_only_exit_when_negative,short_vol_risk_control,2.9949081081405,-0.115220758876352,0,0.987096774193548,0.032258064516129,5.00292009923193,-3.46301893815756,-2.78845802651901,0.909677419354839
14,ML,Neural Network,HAR+Macro,short_only_exit_when_negative,short_vol_risk_control,2.84206316740575,-0.15079607458653,0.674560911638544,0.845161290322581,0.258064516129032,4.43609938331624,-2.78845802651902,-2.78845802651901,0.793548387096774
15,ML,Random Forest,HAR+Macro,short_only_exit_when_negative,short_vol_risk_control,2.87700123456116,-0.160320754898277,-0.00200000000000244,0.890322580645161,0.174193548387097,4.58985874126718,-3.46501893815756,-2.78945802651901,0.825806451612903
16,ML,Random Forest,HAR,short_only_exit_when_negative,short_vol_risk_control,2.963871960538,-0.170486035328617,0,0.980645161290323,0.0451612903225806,4.95601967799418,-3.46301893815756,-2.78845802651901,0.903225806451613
17,Stacked,Stacked Random Forest,Multiple,binary_timing,long_short,2.96798129029703,-0.18626934286136,0,1,0.032258064516129,4.99545366269114,-3.46301893815756,-2.78845802651901,0.916129032258065
18,ML,Random Forest,HAR+Macro+Option,scaled_short_only,scaled_short_vol_risk_control,2.36809209530932,-0.189622431226011,1.82251241947123,0.825806451612903,0.21774879752689,2.71620478997242,-1.64050651868633,-1.23379630045065,0.916129032258065
19,Combination,Elastic Net EW,Multiple,short_only_exit_when_negative,short_vol_risk_control,2.94763356692739,-0.193568588862864,0,0.980645161290323,0.0451612903225806,4.92305896470731,-3.46301893815756,-2.78845802651901,0.903225806451613
20,Stacked,Stacked Elastic Net,Multiple,scaled_short_only,scaled_short_vol_risk_control,2.30734158546704,-0.202216487731462,1.94051968175434,0.838709677419355,0.225990963440893,2.52134995848328,-1.52249925640322,-1.23379630045065,0.916129032258065
21,ML,Random Forest,HAR+Macro+Option,scaled_long_short,scaled,2.35588842290774,-0.20636494667819,1.82251241947123,0.845161290322581,0.222726878025976,2.70814587625832,-1.64050651868633,-1.23379630045065,0.916129032258065
22,ML,Neural Network,HAR+Macro+Option,scaled_short_only,scaled_short_vol_risk_control,2.25447538849625,-0.208855944108601,1.94174243087032,0.72258064516129,0.280352865785177,2.34126254654471,-1.52127650728724,-1.23379630045065,0.8
23,Combination,Equal Weight,HAR+Macro+Option,scaled_short_only,scaled_short_vol_risk_control,2.27483773920318,-0.222415406771171,1.94074286855293,0.806451612903226,0.252549845253042,2.45026907908149,-1.52227606960463,-1.23379630045065,0.883870967741936
24,Stacked,Stacked Random Forest,Multiple,scaled_short_only,scaled_short_vol_risk_control,2.32573412209738,-0.24110684546262,1.7435054861762,0.838709677419355,0.200751794862741,2.67364617400891,-1.71951345198137,-1.23379630045065,0.916129032258065
25,Stacked,Stacked Elastic Net,Multiple,binary_timing,long_short,2.94179487384537,-0.243749813974211,0,1,0.032258064516129,4.97000715384659,-3.46301893815756,-2.78845802651901,0.916129032258065
26,Combination,Equal Weight,HAR,short_only_exit_when_negative,short_vol_risk_control,2.92443354121364,-0.243925021722425,0,0.974193548387097,0.0580645161290323,4.90051978989556,-3.46301893815756,-2.78845802651901,0.896774193548387
27,ML,Random Forest,HAR+Option,scaled_long_short,scaled,2.36674323448765,-0.247738966937145,1.68390600106863,0.845161290322581,0.188022580304279,2.83126565729792,-1.77911293708893,-1.23379630045065,0.92258064516129
28,ML,Random Forest,HAR+Option,scaled_short_only,scaled_short_vol_risk_control,2.36674323448765,-0.247738966937145,1.68390600106863,0.845161290322581,0.188022580304279,2.83126565729792,-1.77911293708893,-1.23379630045065,0.92258064516129
29,Stacked,Stacked Random Forest,Multiple,scaled_long_short,scaled,2.32012381879146,-0.24861378467039,1.7435054861762,0.845161290322581,0.202094983236595,2.66936751770491,-1.71951345198137,-1.23379630045065,0.916129032258065
30,Combination,Equal Weight,Multiple,short_only_exit_when_negative,short_vol_risk_control,2.9176209818091,-0.251392994225929,0,0.974193548387097,0.0580645161290323,4.88363631456932,-3.46301893815756,-2.78845802651901,0.896774193548387
31,Combination,Random Forest EW,Multiple,scaled_short_only,scaled_short_vol_risk_control,2.24710100857929,-0.265093820236065,1.94147780765241,0.832258064516129,0.22014028313029,2.44906497856486,-1.52154113050515,-1.23379630045065,0.909677419354839
32,Combination,Random Forest EW,Multiple,scaled_long_short,scaled,2.23946777956181,-0.274659746164887,1.94147780765241,0.845161290322581,0.222138601655639,2.44345099818712,-1.52154113050515,-1.23379630045065,0.909677419354839
33,ML,Elastic Net,HAR+Macro,short_only_exit_when_negative,short_vol_risk_control,2.90470155862508,-0.280730954489745,0,0.967741935483871,0.0709677419354839,4.87256766508422,-3.46301893815756,-2.78845802651901,0.890322580645161
34,Combination,Equal Weight,HAR+Option,short_only_exit_when_negative,short_vol_risk_control,2.90118354792618,-0.293785003175886,0,0.961290322580645,0.0838709677419355,4.87638005503438,-3.46301893815756,-2.78845802651901,0.883870967741936
35,ML,Neural Network,HAR+Macro,scaled_short_only,scaled_short_vol_risk_control,2.0590066832764,-0.301168226354769,1.94146798519497,0.696774193548387,0.266974623568029,1.8746315862885,-1.52155095296259,-1.23379630045065,0.793548387096774
36,ML,Elastic Net,HAR+Macro+Option,short_only_exit_when_negative,short_vol_risk_control,2.88708889970067,-0.30991238328205,0,0.967741935483871,0.0709677419354839,4.84253376371847,-3.46301893815756,-2.78845802651901,0.890322580645161
37,Combination,Equal Weight,HAR+Macro+Option,short_only_exit_when_negative,short_vol_risk_control,2.87414562612152,-0.337301412948999,0,0.961290322580645,0.0838709677419355,4.8283747861743,-3.46301893815756,-2.78845802651901,0.883870967741936
38,Combination,Random Forest EW,Multiple,binary_timing,long_short,2.89945324503937,-0.337663987617416,0,1,0.0580645161290323,4.92818143407101,-3.46301893815756,-2.78845802651901,0.909677419354839
39,Stacked,Stacked Elastic Net,Multiple,scaled_long_short,scaled,2.20333129632353,-0.346169481438124,1.24626969697637,0.845161290322581,0.238894189247344,2.46752415321015,-2.21674924118119,-1.23379630045065,0.916129032258065
40,Benchmark,OLS HAR,HAR,short_only_exit_when_negative,short_vol_risk_control,2.84741563962602,-0.392594881489661,0,0.954838709677419,0.0838709677419355,4.79691949554416,-3.46301893815756,-2.78845802651901,0.87741935483871
41,ML,PCA,HAR,short_only_exit_when_negative,short_vol_risk_control,2.84741563962602,-0.392594881489661,0,0.954838709677419,0.0838709677419355,4.79691949554416,-3.46301893815756,-2.78845802651901,0.87741935483871
42,ML,PCA,HAR+Option,short_only_exit_when_negative,short_vol_risk_control,2.84543245831575,-0.394990059727749,0,0.954838709677419,0.0709677419354839,4.79235960928506,-3.46301893815756,-2.78845802651901,0.87741935483871
43,ML,Random Forest,HAR,scaled_short_only,scaled_short_vol_risk_control,2.08429158813442,-0.399017623642133,1.94152382994598,0.825806451612903,0.232167390652916,2.19117034341572,-1.52149510821159,-1.23379630045065,0.903225806451613
44,Combination,Equal Weight,HAR+Macro+Option,scaled_long_short,scaled,2.13801107486421,-0.407356367653779,1.24649288377496,0.845161290322581,0.274722280636752,2.37317350689928,-2.2165260543826,-1.23379630045065,0.883870967741936
45,ML,Random Forest,HAR+Macro,scaled_short_only,scaled_short_vol_risk_control,2.02589663451796,-0.448836054446915,1.94142438488816,0.735483870967742,0.228613731113722,2.10870687939676,-1.5215945532694,-1.23379630045065,0.825806451612903
46,ML,PCA,HAR+Macro,short_only_exit_when_negative,short_vol_risk_control,2.810652631437,-0.456754470750949,0,0.948387096774194,0.0580645161290323,4.73777418180393,-3.46301893815756,-2.78845802651901,0.870967741935484
47,ML,PCA,HAR+Macro+Option,short_only_exit_when_negative,short_vol_risk_control,2.810652631437,-0.456754470750949,0,0.948387096774194,0.0580645161290323,4.73777418180393,-3.46301893815756,-2.78845802651901,0.870967741935484
48,Combination,PCA EW,Multiple,short_only_exit_when_negative,short_vol_risk_control,2.810652631437,-0.456754470750949,0,0.948387096774194,0.0580645161290323,4.73777418180393,-3.46301893815756,-2.78845802651901,0.870967741935484
49,ML,Neural Network,HAR,short_only_exit_when_negative,short_vol_risk_control,2.8099074566305,-0.468704952688503,0,0.941935483870968,0.109677419354839,4.74984910314967,-3.46301893815756,-2.78845802651901,0.864516129032258
50,Combination,Equal Weight,Multiple,scaled_short_only,scaled_short_vol_risk_control,1.92046966282442,-0.47116639294146,1.94054351099438,0.819354838709677,0.233458645403946,1.84366715782024,-1.52247542716318,-1.23379630045065,0.896774193548387
51,ML,Random Forest,HAR,scaled_long_short,scaled,2.02666311991475,-0.474075092146043,1.94152382994598,0.845161290322581,0.243608868154642,2.15618087244151,-1.52149510821159,-1.23379630045065,0.903225806451613
52,ML,Elastic Net,HAR+Option,short_only_threshold_half_sd,short_vol_risk_control,2.31349144223717,-0.482372851218722,1.63671764599934,0.580645161290323,0.270967741935484,3.0399241637039,-1.82630129215822,-1.82630129215822,0.92258064516129
53,ML,Elastic Net,HAR+Option,threshold_half_sd_long_short,long_short_threshold,2.31349144223717,-0.482372851218722,1.63671764599934,0.580645161290323,0.270967741935484,3.0399241637039,-1.82630129215822,-1.82630129215822,0.92258064516129
54,Combination,Equal Weight,HAR+Macro,scaled_short_only,scaled_short_vol_risk_control,1.82117182712082,-0.485660255312801,1.94048098122255,0.780645161290323,0.229531908858645,1.58974745541067,-1.52253795693501,-1.23379630045065,0.870967741935484
55,ML,Random Forest,HAR+Macro+Option,short_only_threshold_half_sd,short_vol_risk_control,2.18137023346471,-0.497138637830425,1.94189722587977,0.503225806451613,0.258064516129032,2.65149221439098,-1.52112171227779,-1.23379630045065,0.916129032258065
56,ML,Random Forest,HAR+Macro+Option,threshold_half_sd_long_short,long_short_threshold,2.18137023346471,-0.497138637830425,1.94189722587977,0.503225806451613,0.258064516129032,2.65149221439098,-1.52112171227779,-1.23379630045065,0.916129032258065
57,Combination,Neural Network EW,Multiple,scaled_short_only,scaled_short_vol_risk_control,1.95679139157833,-0.509782852762149,1.83610062639916,0.761290322580645,0.284493691626695,2.01811320533605,-1.6269183117584,-1.23379630045065,0.832258064516129
58,Combination,Equal Weight,HAR+Option,scaled_short_only,scaled_short_vol_risk_control,2.11572778623875,-0.527114190719212,1.91644250013898,0.806451612903226,0.245939205484798,2.50050811076236,-1.54657643801858,-1.23379630045065,0.883870967741936
59,ML,Random Forest,HAR,binary_timing,long_short,2.80711551164317,-0.54692569856063,0,1,0.0838709677419355,4.83438059159551,-3.46301893815756,-2.78845802651901,0.903225806451613
60,Combination,Equal Weight,HAR+Macro+Option,short_only_threshold_half_sd,short_vol_risk_control,2.12194462971875,-0.557681782739046,1.94089722587977,0.47741935483871,0.32258064516129,2.56286509647032,-1.52212171227779,-1.23379630045065,0.883870967741936
61,ML,Elastic Net,HAR,short_only_exit_when_negative,short_vol_risk_control,2.7436640335162,-0.577823699940741,0,0.935483870967742,0.0580645161290323,4.63449916375459,-3.46301893815756,-2.78845802651901,0.858064516129032
62,Stacked,Stacked Random Forest,Multiple,short_only_threshold_half_sd,short_vol_risk_control,2.11318866549076,-0.580391935706689,1.93989722587977,0.490322580645161,0.270967741935484,2.56913643257992,-1.52312171227779,-1.23379630045065,0.916129032258065
63,Stacked,Stacked Random Forest,Multiple,threshold_half_sd_long_short,long_short_threshold,2.11318866549076,-0.580391935706689,1.93989722587977,0.490322580645161,0.270967741935484,2.56913643257992,-1.52312171227779,-1.23379630045065,0.916129032258065
64,Combination,Elastic Net EW,Multiple,scaled_short_only,scaled_short_vol_risk_control,1.7252972044365,-0.609652931181855,1.94046650874534,0.825806451612903,0.205841758451709,1.57873701323922,-1.52255242941222,-1.23379630045065,0.903225806451613
65,Combination,Equal Weight,Multiple,scaled_long_short,scaled,1.80630308846269,-0.612507190568674,1.24629352621641,0.845161290322581,0.247525079869163,1.78542196069985,-2.21672541194115,-1.23379630045065,0.896774193548387
66,Combination,Equal Weight,HAR+Macro,scaled_long_short,scaled,1.65342318699163,-0.669650754951262,1.24623099644459,0.845161290322581,0.260747575503913,1.50416450629786,-2.21678794171297,-1.23379630045065,0.870967741935484
67,ML,Elastic Net,HAR,scaled_short_only,scaled_short_vol_risk_control,1.54564914244742,-0.671313240378634,1.94033659308358,0.780645161290323,0.199685635562127,1.26359016883571,-1.52268234507399,-1.23379630045065,0.858064516129032
68,ML,PCA,HAR+Option,scaled_short_only,scaled_short_vol_risk_control,1.62101678767356,-0.675181799418945,1.94035917822951,0.8,0.185278833830906,1.43856007704809,-1.52265975992805,-1.23379630045065,0.87741935483871
69,Combination,Elastic Net EW,Multiple,binary_timing,long_short,2.74442121794433,-0.692361193390128,7.105427357601e-15,1,0.0838709677419355,4.76845916502177,-3.46301893815755,-2.78845802651901,0.903225806451613
70,Combination,Neural Network EW,Multiple,short_only_exit_when_negative,short_vol_risk_control,2.68828021004195,-0.699012019165292,0,0.909677419354839,0.187096774193548,4.57194735362853,-3.46301893815756,-2.78845802651901,0.832258064516129
71,Combination,Equal Weight,HAR+Macro+Option,threshold_half_sd_long_short,long_short_threshold,2.03562320954895,-0.702197050453244,1.2466472411018,0.483870967741936,0.335483870967742,2.50903929119719,-2.21637169705576,-1.23379630045065,0.883870967741936
72,Stacked,Stacked Elastic Net,Multiple,short_only_threshold_half_sd,short_vol_risk_control,1.99055220905901,-0.704038011165585,1.94089722587977,0.464516129032258,0.296774193548387,2.38902314912683,-1.52212171227779,-1.23379630045065,0.916129032258065
73,ML,Neural Network,HAR+Macro+Option,short_only_threshold_half_sd,short_vol_risk_control,1.93932865005669,-0.710965738337641,1.94189722587977,0.438709677419355,0.335483870967742,2.26185401790364,-1.52112171227779,-1.23379630045065,0.8
74,ML,Random Forest,HAR+Macro,scaled_long_short,scaled,1.85168806920865,-0.733291772466921,1.94142438488816,0.845161290322581,0.282048472537685,2.06547170209744,-1.5215945532694,-1.23379630045065,0.825806451612903
75,ML,Neural Network,HAR+Option,scaled_short_only,scaled_short_vol_risk_control,1.61723999695069,-0.739931376046105,2.22790879167696,0.696774193548387,0.268528029177309,1.52332810767552,-1.2351101464806,-1.23479630045065,0.787096774193548
76,Combination,Elastic Net EW,Multiple,scaled_long_short,scaled,1.61101866507312,-0.747799330859033,1.24621652396737,0.845161290322581,0.219927788286177,1.52012547261257,-2.21680241419019,-1.23379630045065,0.903225806451613
77,ML,PCA,HAR+Macro+Option,scaled_short_only,scaled_short_vol_risk_control,1.58525596238511,-0.755770571936068,1.94046991370112,0.793548387096774,0.184364475815676,1.47468199568113,-1.52254902445644,-1.23379630045065,0.870967741935484
78,Combination,Random Forest EW,Multiple,short_only_threshold_half_sd,short_vol_risk_control,1.92991855730349,-0.757060124909528,1.94189722587977,0.451612903225806,0.296774193548387,2.29318986447925,-1.52112171227779,-1.23379630045065,0.909677419354839
79,Combination,Random Forest EW,Multiple,threshold_half_sd_long_short,long_short_threshold,1.92991855730349,-0.757060124909528,1.94189722587977,0.451612903225806,0.296774193548387,2.29318986447925,-1.52112171227779,-1.23379630045065,0.909677419354839
80,Combination,Equal Weight,HAR,scaled_short_only,scaled_short_vol_risk_control,1.45050266690418,-0.767572523739207,1.94042950162228,0.819354838709677,0.195136519006838,1.21185101136834,-1.52258943653528,-1.23379630045065,0.896774193548387
81,Benchmark,OLS HAR,HAR,scaled_short_only,scaled_short_vol_risk_control,1.3913743641749,-0.77396204913685,1.94033951888865,0.8,0.177019967582807,1.10566351575766,-1.52267941926891,-1.23379630045065,0.87741935483871
82,ML,PCA,HAR,scaled_short_only,scaled_short_vol_risk_control,1.3913743641749,-0.77396204913685,1.94033951888865,0.8,0.177019967582807,1.10566351575766,-1.52267941926891,-1.23379630045065,0.87741935483871
83,ML,Elastic Net,HAR+Macro,scaled_short_only,scaled_short_vol_risk_control,1.40541470106742,-0.778579729480436,1.94035528428435,0.812903225806452,0.178706583333699,1.13894318095199,-1.52266365387321,-1.23379630045065,0.890322580645161
84,Combination,PCA EW,Multiple,scaled_short_only,scaled_short_vol_risk_control,1.45913683509691,-0.778705083954022,1.94039316592336,0.793548387096774,0.174832288034968,1.24401474245614,-1.5226257722342,-1.23379630045065,0.870967741935484
85,ML,Random Forest,HAR+Option,short_only_threshold_half_sd,short_vol_risk_control,2.1005692484388,-0.786935660461996,1.93989722587977,0.541935483870968,0.283870967741936,2.78811253254832,-1.52312171227779,-1.51305413406439,0.92258064516129
86,ML,Random Forest,HAR+Option,threshold_half_sd_long_short,long_short_threshold,2.1005692484388,-0.786935660461996,1.93989722587977,0.541935483870968,0.283870967741936,2.78811253254832,-1.52312171227779,-1.51305413406439,0.92258064516129
87,Combination,Equal Weight,HAR,binary_timing,long_short,2.70244405447659,-0.791330839573271,0,1,0.109677419354839,4.72338081539827,-3.46301893815756,-2.78845802651901,0.896774193548387
88,ML,Elastic Net,HAR+Option,short_only_threshold_one_sd,short_vol_risk_control,1.65055106895697,-0.798273965225119,2.42122389933726,0.309677419354839,0.245161290322581,1.67036544056957,-1.0417950388203,-1.0417950388203,0.92258064516129
89,ML,Elastic Net,HAR+Option,threshold_one_sd_long_short,long_short_threshold,1.65055106895697,-0.798273965225119,2.42122389933726,0.309677419354839,0.245161290322581,1.67036544056957,-1.0417950388203,-1.0417950388203,0.92258064516129
90,Combination,Equal Weight,HAR+Macro,binary_timing,long_short,2.69117425739635,-0.817552782310995,0,1,0.238709677419355,4.71055239587155,-3.46301893815756,-2.78845802651901,0.870967741935484
91,ML,Elastic Net,HAR,scaled_long_short,scaled,1.40464082355429,-0.821413424144046,1.24608660830561,0.845161290322581,0.21622375928588,1.19296145909335,-2.21693232985195,-1.23379630045065,0.858064516129032
92,ML,PCA,HAR+Option,scaled_long_short,scaled,1.49289523160972,-0.825611440674059,1.24610919345154,0.845161290322581,0.202349200732697,1.36999716856716,-2.21690974470602,-1.23379630045065,0.87741935483871
93,Combination,Equal Weight,HAR+Option,scaled_long_short,scaled,1.92668955962747,-0.829015386531702,1.91644250013898,0.845161290322581,0.295711644650338,2.36663793199206,-1.54657643801858,-1.23379630045065,0.883870967741936
94,Stacked,Stacked Elastic Net,Multiple,threshold_half_sd_long_short,long_short_threshold,1.90711000599984,-0.846198792946452,1.2466472411018,0.470967741935484,0.309677419354839,2.3351973438537,-2.21637169705576,-1.23379630045065,0.916129032258065
95,ML,PCA,HAR+Macro,scaled_short_only,scaled_short_vol_risk_control,1.33088485004683,-0.849202025206968,1.94041930703882,0.793548387096774,0.171577534716557,1.09075767455697,-1.52259963111874,-1.23379630045065,0.870967741935484
96,ML,Elastic Net,HAR+Macro+Option,scaled_short_only,scaled_short_vol_risk_control,1.55172006188324,-0.856437127538879,1.84920235325737,0.812903225806452,0.210013594261391,1.52526898158163,-1.61381658490019,-1.23379630045065,0.890322580645161
97,Combination,Equal Weight,Multiple,binary_timing,long_short,2.67153882803429,-0.864928376872696,0,1,0.109677419354839,4.68961386474579,-3.46301893815756,-2.78845802651901,0.896774193548387
98,ML,Neural Network,HAR+Macro,short_only_threshold_half_sd,short_vol_risk_control,1.58823763528354,-0.875361191546168,1.94189722587977,0.296774193548387,0.32258064516129,1.62253903482181,-1.52112171227779,-1.23379630045065,0.793548387096774
99,Combination,Equal Weight,HAR+Option,binary_timing,long_short,2.65847611477666,-0.896130697743642,0,1,0.161290322580645,4.67510134567592,-3.46301893815756,-2.78845802651901,0.883870967741936
100,Combination,Equal Weight,HAR,scaled_long_short,scaled,1.32607029412629,-0.908325274449663,1.24617951684431,0.845161290322581,0.211465170141868,1.14770820789249,-2.21683942131325,-1.23379630045065,0.896774193548387
101,Benchmark,OLS HAR,HAR,scaled_long_short,scaled,1.26267069109823,-0.911907949179697,1.24608953411069,0.845161290322581,0.192666649412085,1.04197886956526,-2.21692940404687,-1.23379630045065,0.87741935483871
102,ML,PCA,HAR,scaled_long_short,scaled,1.26267069109823,-0.911907949179697,1.24608953411069,0.845161290322581,0.192666649412085,1.04197886956526,-2.21692940404687,-1.23379630045065,0.87741935483871
103,ML,Elastic Net,HAR+Macro,binary_timing,long_short,2.65138089360217,-0.913416206762488,0,1,0.135483870967742,4.66747656577558,-3.46301893815756,-2.78845802651901,0.890322580645161
104,ML,PCA,HAR+Macro+Option,scaled_long_short,scaled,1.45579556416686,-0.918149046053841,1.24621992892315,0.845161290322581,0.201169375754456,1.39848682291287,-2.21679900923441,-1.23379630045065,0.870967741935484
105,ML,Elastic Net,HAR+Macro,scaled_long_short,scaled,1.27496061960512,-0.921258430557178,1.24610529950639,0.845161290322581,0.195429481043147,1.07241519013416,-2.21691363865117,-1.23379630045065,0.890322580645161
106,Combination,PCA EW,Multiple,scaled_long_short,scaled,1.33236615478562,-0.924955089850819,1.2461431811454,0.845161290322581,0.190948895768534,1.175964785686,-2.21687575701217,-1.23379630045065,0.870967741935484
107,Naive,IV as RV Forecast,Option,binary_timing,long_short,,-0.93240913436331,3.46301893815756,0,0,0,0,0,
108,Naive,IV as RV Forecast,Option,scaled_long_short,scaled,,-0.93240913436331,3.46301893815756,0,0,0,0,0,
109,Naive,IV as RV Forecast,Option,scaled_short_only,scaled_short_vol_risk_control,,-0.93240913436331,3.46301893815756,0,0,0,0,0,
110,Naive,IV as RV Forecast,Option,short_only_exit_when_negative,short_vol_risk_control,,-0.93240913436331,3.46301893815756,0,0,0,0,0,
111,Naive,IV as RV Forecast,Option,short_only_threshold_half_sd,short_vol_risk_control,,-0.93240913436331,3.46301893815756,0,0,0,0,0,
112,Naive,IV as RV Forecast,Option,short_only_threshold_one_sd,short_vol_risk_control,,-0.93240913436331,3.46301893815756,0,0,0,0,0,
113,Naive,IV as RV Forecast,Option,threshold_half_sd_long_short,long_short_threshold,,-0.93240913436331,3.46301893815756,0,0,0,0,0,
114,Naive,IV as RV Forecast,Option,threshold_one_sd_long_short,long_short_threshold,,-0.93240913436331,3.46301893815756,0,0,0,0,0,
115,Naive,IV as RV Forecast,Option,threshold_quantile_25_75,long_short_threshold,,-0.93240913436331,3.46301893815756,0,0,0,0,0,
116,ML,Neural Network,HAR+Macro,scaled_long_short,scaled,1.53673111061501,-0.93338292773696,1.94146798519497,0.845161290322581,0.372370401336527,1.57533486268308,-1.52155095296259,-1.23379630045065,0.793548387096774
117,ML,Neural Network,HAR,scaled_short_only,scaled_short_vol_risk_control,1.23737319487668,-0.962858098210944,1.94045772779045,0.787096774193548,0.193698222745339,1.05031939401942,-1.52256121036711,-1.23379630045065,0.864516129032258
118,Naive,Historical Mean RV,Historical RV,short_only_exit_when_negative,short_vol_risk_control,1.44718019375179,-0.972939109976607,2.22722263770691,0.258064516129032,0.167741935483871,1.43563751791683,-1.23579630045065,-1.23479630045065,0.309677419354839
119,ML,Random Forest,HAR+Macro,short_only_threshold_half_sd,short_vol_risk_control,1.67259444561826,-0.973555851292211,1.94189722587977,0.387096774193548,0.258064516129032,1.90532503085653,-1.52112171227779,-1.23379630045065,0.825806451612903
120,Naive,Historical Mean RV,Historical RV,scaled_short_only,scaled_short_vol_risk_control,1.00455398930035,-0.977026752272415,2.22722263770691,0.212903225806452,0.11744893831648,0.714748525758473,-1.23579630045065,-1.23479630045065,0.309677419354839
121,Combination,Neural Network EW,Multiple,scaled_long_short,scaled,1.60991773340716,-0.993096413838571,1.24649559520167,0.845161290322581,0.369726220694472,1.78658362902996,-2.21652334295589,-1.23379630045065,0.832258064516129
122,ML,PCA,HAR+Macro,scaled_long_short,scaled,1.20154294785691,-0.994910403693517,1.24616932226085,0.845161290322581,0.186779041039631,1.02136743846702,-2.21684961589671,-1.23379630045065,0.870967741935484
123,ML,Elastic Net,HAR+Macro+Option,scaled_long_short,scaled,1.44264794625274,-1.006780583269,1.24636113648381,0.845161290322581,0.226332192445577,1.45825126034278,-2.21665780167375,-1.23379630045065,0.890322580645161
124,ML,Random Forest,HAR,short_only_threshold_half_sd,short_vol_risk_control,1.6437671840661,-1.01055377005624,1.94189722587977,0.387096774193548,0.296774193548387,1.87633393354744,-1.52112171227779,-1.23379630045065,0.903225806451613
125,ML,Elastic Net,HAR+Macro+Option,binary_timing,long_short,2.5978588258511,-1.04317111759404,0,1,0.135483870967742,4.60740876304408,-3.46301893815756,-2.78845802651901,0.890322580645161
126,ML,Neural Network,HAR+Macro+Option,scaled_long_short,scaled,1.7144210697983,-1.05857133410297,1.94174243087032,0.845161290322581,0.406745010986577,2.07843540283106,-1.52127650728724,-1.23379630045065,0.8
127,Combination,Equal Weight,HAR+Option,short_only_threshold_half_sd,short_vol_risk_control,1.86329500577525,-1.0792532725172,1.94189722587977,0.503225806451613,0.32258064516129,2.45312936719285,-1.52112171227779,-1.51305413406439,0.883870967741936
128,ML,Neural Network,HAR+Option,short_only_exit_when_negative,short_vol_risk_control,2.46113980425079,-1.08975811020246,0,0.851612903225806,0.264516129032258,4.18979300269687,-3.46301893815756,-2.78845802651901,0.787096774193548
129,Naive,Historical Mean RV,Historical RV,short_only_threshold_half_sd,short_vol_risk_control,0.860170092104354,-1.09517970836543,2.22722263770691,0.116129032258065,0.103225806451613,0.622283995550879,-1.23579630045065,-1.23479630045065,0.309677419354839
130,ML,Random Forest,HAR,threshold_half_sd_long_short,long_short_threshold,1.5906465508844,-1.09670202939444,1.94189722587977,0.393548387096774,0.309677419354839,1.83758041324022,-1.52112171227779,-1.23379630045065,0.903225806451613
131,Combination,Equal Weight,HAR+Macro+Option,binary_timing,long_short,2.57305384717857,-1.10395723527948,0,1,0.161290322580645,4.57909080795575,-3.46301893815756,-2.78845802651901,0.883870967741936
132,Combination,Neural Network EW,Multiple,short_only_threshold_half_sd,short_vol_risk_control,1.56715947488355,-1.11877420934079,1.94089722587977,0.367741935483871,0.361290322580645,1.80626071710495,-1.52212171227779,-1.23379630045065,0.832258064516129
133,ML,Neural Network,HAR+Macro,short_only_threshold_one_sd,short_vol_risk_control,0.841720980600073,-1.16806778452013,1.93989722587977,0.12258064516129,0.167741935483871,0.644921765327761,-1.52312171227779,-1.23379630045065,0.793548387096774
134,ML,Neural Network,HAR+Option,short_only_threshold_one_sd,short_vol_risk_control,0.807909170579146,-1.16981021336802,2.22722263770691,0.103225806451613,0.129032258064516,0.60569816566108,-1.23579630045065,-1.23479630045065,0.787096774193548
135,Naive,Historical Mean RV,Historical RV,short_only_threshold_one_sd,short_vol_risk_control,0.628620629558839,-1.17527667247298,2.22722263770691,0.0774193548387097,0.116129032258065,0.416909228861949,-1.23579630045065,-1.23479630045065,0.309677419354839
136,ML,Neural Network,HAR+Option,short_only_threshold_half_sd,short_vol_risk_control,1.28511988516633,-1.17901458950632,2.22722263770691,0.258064516129032,0.283870967741936,1.30852189450352,-1.23579630045065,-1.23479630045065,0.787096774193548
137,Combination,Equal Weight,Multiple,short_only_threshold_half_sd,short_vol_risk_control,1.4395261520529,-1.1937316775656,1.94089722587977,0.32258064516129,0.335483870967742,1.60624694461931,-1.52212171227779,-1.23379630045065,0.896774193548387
138,ML,Neural Network,HAR+Macro+Option,short_only_threshold_one_sd,short_vol_risk_control,1.20101140974414,-1.1951927362029,1.93989722587977,0.219354838709677,0.219354838709677,1.17642102221587,-1.52312171227779,-1.23379630045065,0.8
139,ML,Neural Network,HAR,scaled_long_short,scaled,1.03838418660093,-1.20736405484709,1.24620774301248,0.845161290322581,0.220863541301841,0.931098784675687,-2.21681119514508,-1.23379630045065,0.864516129032258
140,ML,Elastic Net,HAR,short_only_threshold_one_sd,short_vol_risk_control,0.350743206936235,-1.22240760505952,1.93889722587977,0.0580645161290323,0.0903225806451613,0.200585953191082,-1.52412171227779,-1.23379630045065,0.858064516129032
141,ML,Elastic Net,HAR+Macro,short_only_threshold_one_sd,short_vol_risk_control,0.350743206936235,-1.22240760505952,1.93889722587977,0.0580645161290323,0.0903225806451613,0.200585953191082,-1.52412171227779,-1.23379630045065,0.890322580645161
142,Benchmark,OLS HAR,HAR,short_only_threshold_one_sd,short_vol_risk_control,0.350743206936235,-1.22240760505952,1.93889722587977,0.0580645161290323,0.0903225806451613,0.200585953191082,-1.52412171227779,-1.23379630045065,0.87741935483871
143,ML,PCA,HAR,short_only_threshold_one_sd,short_vol_risk_control,0.350743206936235,-1.22240760505952,1.93889722587977,0.0580645161290323,0.0903225806451613,0.200585953191082,-1.52412171227779,-1.23379630045065,0.87741935483871
144,ML,PCA,HAR+Macro,short_only_threshold_one_sd,short_vol_risk_control,0.350743206936235,-1.22240760505952,1.93889722587977,0.0580645161290323,0.0903225806451613,0.200585953191082,-1.52412171227779,-1.23379630045065,0.870967741935484
145,ML,Random Forest,HAR+Macro+Option,short_only_threshold_one_sd,short_vol_risk_control,1.29941477445257,-1.22842788650421,1.93989722587977,0.258064516129032,0.270967741935484,1.36904436119352,-1.52312171227779,-1.23379630045065,0.916129032258065
146,ML,Random Forest,HAR+Macro+Option,threshold_one_sd_long_short,long_short_threshold,1.29941477445257,-1.22842788650421,1.93989722587977,0.258064516129032,0.270967741935484,1.36904436119352,-1.52312171227779,-1.23379630045065,0.916129032258065
147,ML,Random Forest,HAR+Macro,threshold_half_sd_long_short,long_short_threshold,1.62065022579661,-1.23045969165792,1.94189722587977,0.4,0.283870967741936,2.01057611507314,-1.52112171227779,-1.23379630045065,0.825806451612903
148,Stacked,Stacked Elastic Net,Multiple,short_only_threshold_one_sd,short_vol_risk_control,1.15276556895826,-1.2306681891465,1.93889722587977,0.212903225806452,0.245161290322581,1.12151456505665,-1.52412171227779,-1.23379630045065,0.916129032258065
149,Combination,Equal Weight,HAR+Macro,short_only_threshold_one_sd,short_vol_risk_control,0.42821782287844,-1.23181712023674,1.93889722587977,0.0645161290322581,0.103225806451613,0.261966253752719,-1.52412171227779,-1.23379630045065,0.870967741935484
150,Combination,Equal Weight,HAR,short_only_threshold_one_sd,short_vol_risk_control,0.312629836998241,-1.23619506908052,1.93889722587977,0.0516129032258065,0.0774193548387097,0.176993709033017,-1.52412171227779,-1.23379630045065,0.896774193548387
151,Benchmark,OLS HAR,HAR,binary_timing,long_short,2.51850743280733,-1.23956267080688,0,1,0.161290322580645,4.51618022669546,-3.46301893815756,-2.78845802651901,0.87741935483871
152,ML,PCA,HAR,binary_timing,long_short,2.51850743280733,-1.23956267080688,0,1,0.161290322580645,4.51618022669546,-3.46301893815756,-2.78845802651901,0.87741935483871
153,Combination,Equal Weight,HAR+Option,short_only_threshold_one_sd,short_vol_risk_control,1.19846447060305,-1.24002299889148,1.93989722587977,0.251612903225806,0.232258064516129,1.20249676322595,-1.52312171227779,-1.23379630045065,0.883870967741936
154,ML,Random Forest,HAR+Option,short_only_threshold_one_sd,short_vol_risk_control,1.32766132816047,-1.24127711782223,1.93989722587977,0.270967741935484,0.232258064516129,1.42909967865235,-1.52312171227779,-1.23379630045065,0.92258064516129
155,ML,Random Forest,HAR+Option,threshold_one_sd_long_short,long_short_threshold,1.32766132816047,-1.24127711782223,1.93989722587977,0.270967741935484,0.232258064516129,1.42909967865235,-1.52312171227779,-1.23379630045065,0.92258064516129
156,ML,Neural Network,HAR,short_only_threshold_one_sd,short_vol_risk_control,0.392014178827857,-1.24198301288964,1.93889722587977,0.0580645161290323,0.0903225806451613,0.236535244883675,-1.52412171227779,-1.23379630045065,0.864516129032258
157,Combination,Random Forest EW,Multiple,short_only_threshold_one_sd,short_vol_risk_control,1.18253879598216,-1.24634373411224,1.93989722587977,0.219354838709677,0.232258064516129,1.18024050950342,-1.52312171227779,-1.23379630045065,0.909677419354839
158,Combination,Random Forest EW,Multiple,threshold_one_sd_long_short,long_short_threshold,1.18253879598216,-1.24634373411224,1.93989722587977,0.219354838709677,0.232258064516129,1.18024050950342,-1.52312171227779,-1.23379630045065,0.909677419354839
159,ML,PCA,HAR+Option,binary_timing,long_short,2.51075927143239,-1.25891715811113,0,1,0.135483870967742,4.50706045417728,-3.46301893815756,-2.78845802651901,0.87741935483871
160,Stacked,Stacked Random Forest,Multiple,short_only_threshold_one_sd,short_vol_risk_control,1.21667265596798,-1.28133352468223,1.93989722587977,0.258064516129032,0.219354838709677,1.26012107956049,-1.52312171227779,-1.23379630045065,0.916129032258065
161,Stacked,Stacked Random Forest,Multiple,threshold_one_sd_long_short,long_short_threshold,1.21667265596798,-1.28133352468223,1.93989722587977,0.258064516129032,0.219354838709677,1.26012107956049,-1.52312171227779,-1.23379630045065,0.916129032258065
162,ML,Random Forest,HAR,short_only_threshold_one_sd,short_vol_risk_control,1.05597392586196,-1.28743876659496,1.93989722587977,0.193548387096774,0.167741935483871,1.00579196488196,-1.52312171227779,-1.23379630045065,0.903225806451613
163,ML,Random Forest,HAR,threshold_one_sd_long_short,long_short_threshold,1.05597392586196,-1.28743876659496,1.93989722587977,0.193548387096774,0.167741935483871,1.00579196488196,-1.52312171227779,-1.23379630045065,0.903225806451613
164,ML,Random Forest,HAR+Macro,short_only_threshold_one_sd,short_vol_risk_control,0.982784050970555,-1.29465837236612,1.54220448331128,0.187096774193548,0.180645161290323,0.902394919025511,-1.92081445484628,-1.23379630045065,0.825806451612903
165,ML,Random Forest,HAR+Macro,threshold_one_sd_long_short,long_short_threshold,0.982784050970555,-1.29465837236612,1.54220448331128,0.187096774193548,0.180645161290323,0.902394919025511,-1.92081445484628,-1.23379630045065,0.825806451612903
166,Combination,Equal Weight,Multiple,threshold_half_sd_long_short,long_short_threshold,1.36320630265042,-1.32529067082176,1.2466472411018,0.329032258064516,0.348387096774194,1.55242113934617,-2.21637169705576,-1.23379630045065,0.896774193548387
167,ML,Neural Network,HAR+Macro,threshold_one_sd_long_short,long_short_threshold,0.70140277390074,-1.32595070443452,1.93989722587977,0.141935483870968,0.206451612903226,0.558912587241335,-1.52312171227779,-1.23379630045065,0.793548387096774
168,Combination,Equal Weight,HAR+Option,threshold_half_sd_long_short,long_short_threshold,1.7363256249693,-1.32708877616693,1.58054244924549,0.52258064516129,0.361290322580645,2.34776363980982,-1.88247648891207,-1.51305413406439,0.883870967741936
169,Combination,Elastic Net EW,Multiple,short_only_threshold_half_sd,short_vol_risk_control,1.19284539910569,-1.33188658735291,1.94089722587977,0.27741935483871,0.309677419354839,1.25139906130999,-1.52212171227779,-1.23379630045065,0.903225806451613
170,ML,Elastic Net,HAR,threshold_one_sd_long_short,long_short_threshold,0.242491055379711,-1.33508369800324,1.2436472411018,0.0645161290322581,0.103225806451613,0.146760147917949,-2.21937169705576,-1.23379630045065,0.858064516129032
171,ML,Elastic Net,HAR+Macro,threshold_one_sd_long_short,long_short_threshold,0.242491055379711,-1.33508369800324,1.2436472411018,0.0645161290322581,0.103225806451613,0.146760147917949,-2.21937169705576,-1.23379630045065,0.890322580645161
172,Benchmark,OLS HAR,HAR,threshold_one_sd_long_short,long_short_threshold,0.242491055379711,-1.33508369800324,1.2436472411018,0.0645161290322581,0.103225806451613,0.146760147917949,-2.21937169705576,-1.23379630045065,0.87741935483871
173,ML,PCA,HAR,threshold_one_sd_long_short,long_short_threshold,0.242491055379711,-1.33508369800324,1.2436472411018,0.0645161290322581,0.103225806451613,0.146760147917949,-2.21937169705576,-1.23379630045065,0.87741935483871
174,ML,PCA,HAR+Macro,threshold_one_sd_long_short,long_short_threshold,0.242491055379711,-1.33508369800324,1.2436472411018,0.0645161290322581,0.103225806451613,0.146760147917949,-2.21937169705576,-1.23379630045065,0.870967741935484
175,Combination,Equal Weight,HAR+Macro,short_only_threshold_half_sd,short_vol_risk_control,1.18842176169201,-1.34166730418505,1.94089722587977,0.264516129032258,0.283870967741936,1.24987041904484,-1.52212171227779,-1.23379630045065,0.870967741935484
176,Combination,Equal Weight,HAR+Macro,threshold_one_sd_long_short,long_short_threshold,0.323472069051476,-1.34532453759016,1.2436472411018,0.0709677419354839,0.116129032258065,0.208140448479586,-2.21937169705576,-1.23379630045065,0.870967741935484
177,Combination,Equal Weight,HAR,threshold_one_sd_long_short,long_short_threshold,0.205411039861771,-1.34855163265947,1.2436472411018,0.0580645161290323,0.0903225806451613,0.123167903759884,-2.21937169705576,-1.23379630045065,0.896774193548387
178,ML,PCA,HAR+Macro+Option,short_only_threshold_half_sd,short_vol_risk_control,1.18796522937098,-1.34957739425404,1.94089722587977,0.270967741935484,0.219354838709677,1.25386438621153,-1.52212171227779,-1.23379630045065,0.870967741935484
179,Stacked,Stacked Elastic Net,Multiple,threshold_one_sd_long_short,long_short_threshold,1.07092725899937,-1.35566204903553,1.2446472411018,0.219354838709677,0.258064516129032,1.06768875978352,-2.21837169705576,-1.23379630045065,0.916129032258065
180,Combination,Equal Weight,HAR+Macro+Option,short_only_threshold_one_sd,short_vol_risk_control,1.02304671192886,-1.36391089507336,1.93889722587977,0.212903225806452,0.270967741935484,0.999100894302328,-1.52412171227779,-1.23379630045065,0.883870967741936
181,Combination,Equal Weight,HAR+Option,threshold_one_sd_long_short,long_short_threshold,1.10815209687283,-1.37387893061528,1.34826804965598,0.264516129032258,0.258064516129032,1.13663760928627,-2.11475088850158,-1.23379630045065,0.883870967741936
182,ML,PCA,HAR+Option,short_only_threshold_half_sd,short_vol_risk_control,1.08067036949287,-1.39744418373319,1.93889722587977,0.251612903225806,0.232258064516129,1.10594271959716,-1.52412171227779,-1.23379630045065,0.87741935483871
183,ML,Elastic Net,HAR+Macro+Option,short_only_threshold_half_sd,short_vol_risk_control,1.12281672495279,-1.39844021497985,1.94089722587977,0.258064516129032,0.270967741935484,1.17408919910602,-1.52212171227779,-1.23379630045065,0.890322580645161
184,Combination,Neural Network EW,Multiple,short_only_threshold_one_sd,short_vol_risk_control,0.643056778554928,-1.39934443432908,1.58731310607107,0.12258064516129,0.193548387096774,0.522191299480196,-1.87570583208649,-1.23379630045065,0.832258064516129
185,ML,PCA,HAR+Macro,short_only_threshold_half_sd,short_vol_risk_control,0.934581560558623,-1.40488380511123,1.94089722587977,0.206451612903226,0.219354838709677,0.891053059988887,-1.52212171227779,-1.23379630045065,0.870967741935484
186,ML,Elastic Net,HAR+Macro+Option,short_only_threshold_one_sd,short_vol_risk_control,0.553235837348664,-1.40592257809257,1.93889722587977,0.109677419354839,0.129032258064516,0.429173964085281,-1.52412171227779,-1.23379630045065,0.890322580645161
187,ML,Neural Network,HAR,short_only_threshold_half_sd,short_vol_risk_control,0.904831759221485,-1.4162350172714,1.94089722587977,0.2,0.245161290322581,0.854763284710762,-1.52212171227779,-1.23379630045065,0.864516129032258
188,ML,PCA,HAR+Option,short_only_threshold_one_sd,short_vol_risk_control,0.4125693433252,-1.4278555768765,1.93889722587977,0.0903225806451613,0.116129032258065,0.300541601733829,-1.52412171227779,-1.23379630045065,0.87741935483871
189,ML,PCA,HAR+Macro+Option,short_only_threshold_one_sd,short_vol_risk_control,0.445175473296983,-1.42899083947363,1.93889722587977,0.0903225806451613,0.129032258064516,0.330584027885071,-1.52412171227779,-1.23379630045065,0.870967741935484
190,Combination,PCA EW,Multiple,short_only_threshold_one_sd,short_vol_risk_control,0.262790849789853,-1.43779887264253,1.93889722587977,0.0709677419354839,0.0903225806451613,0.177284781532415,-1.52412171227779,-1.23379630045065,0.870967741935484
191,ML,Neural Network,HAR,binary_timing,long_short,2.43951067118726,-1.43905441868318,0,1,0.212903225806452,4.42203944190648,-3.46301893815756,-2.78845802651901,0.864516129032258
192,ML,Elastic Net,HAR+Macro,short_only_threshold_half_sd,short_vol_risk_control,0.816390813342255,-1.44466579944442,1.93889722587977,0.187096774193548,0.193548387096774,0.748441939669852,-1.52412171227779,-1.23379630045065,0.890322580645161
193,ML,Elastic Net,HAR,short_only_threshold_half_sd,short_vol_risk_control,0.823680419203246,-1.44798741779298,1.93889722587977,0.180645161290323,0.193548387096774,0.759384843330019,-1.52412171227779,-1.23379630045065,0.858064516129032
194,Combination,Elastic Net EW,Multiple,short_only_threshold_one_sd,short_vol_risk_control,0.401145694612417,-1.45021406724846,1.93889722587977,0.0838709677419355,0.116129032258065,0.295355136460947,-1.52412171227779,-1.23379630045065,0.903225806451613
195,Combination,Equal Weight,Multiple,short_only_threshold_one_sd,short_vol_risk_control,0.504424715511376,-1.45045080937928,1.93889722587977,0.0967741935483871,0.141935483870968,0.393146906328655,-1.52412171227779,-1.23379630045065,0.896774193548387
196,Combination,PCA EW,Multiple,short_only_threshold_half_sd,short_vol_risk_control,0.942694088588441,-1.45501717034692,1.93889722587977,0.225806451612903,0.206451612903226,0.926594433665086,-1.52412171227779,-1.23379630045065,0.870967741935484
197,Benchmark,OLS HAR,HAR,short_only_threshold_half_sd,short_vol_risk_control,0.744327987905211,-1.45522201093709,1.93889722587977,0.167741935483871,0.154838709677419,0.661335385804791,-1.52412171227779,-1.23379630045065,0.87741935483871
198,ML,PCA,HAR,short_only_threshold_half_sd,short_vol_risk_control,0.744327987905211,-1.45522201093709,1.93889722587977,0.167741935483871,0.154838709677419,0.661335385804791,-1.52412171227779,-1.23379630045065,0.87741935483871
199,ML,Neural Network,HAR,threshold_one_sd_long_short,long_short_threshold,0.184228800705951,-1.45822176102259,1.2436472411018,0.0774193548387097,0.116129032258065,0.120974113819137,-2.21937169705576,-1.23379630045065,0.864516129032258
200,Combination,Elastic Net EW,Multiple,threshold_half_sd_long_short,long_short_threshold,1.11713025479082,-1.45863958089213,1.2466472411018,0.283870967741936,0.32258064516129,1.19757325603686,-2.21637169705576,-1.23379630045065,0.903225806451613
201,Combination,Neural Network EW,Multiple,threshold_half_sd_long_short,long_short_threshold,1.36708120420444,-1.46505850341356,1.2466472411018,0.4,0.425806451612903,1.64851485877056,-2.21637169705576,-1.23379630045065,0.832258064516129
202,ML,PCA,HAR+Macro+Option,threshold_half_sd_long_short,long_short_threshold,1.11288202140345,-1.47651891215603,1.2456472411018,0.27741935483871,0.232258064516129,1.2000385809384,-2.21737169705576,-1.23379630045065,0.870967741935484
203,Combination,Equal Weight,HAR+Macro+Option,threshold_one_sd_long_short,long_short_threshold,0.945239561426418,-1.48724680490924,1.2446472411018,0.219354838709677,0.283870967741936,0.945275089029195,-2.21837169705576,-1.23379630045065,0.883870967741936
204,ML,PCA,HAR+Macro,binary_timing,long_short,2.41952169280856,-1.49040047815862,0,1,0.109677419354839,4.39788959921502,-3.46301893815756,-2.78845802651901,0.870967741935484
205,ML,PCA,HAR+Macro+Option,binary_timing,long_short,2.41952169280856,-1.49040047815862,0,1,0.109677419354839,4.39788959921502,-3.46301893815756,-2.78845802651901,0.870967741935484
206,Combination,PCA EW,Multiple,binary_timing,long_short,2.41952169280856,-1.49040047815862,0,1,0.109677419354839,4.39788959921502,-3.46301893815756,-2.78845802651901,0.870967741935484
207,Combination,Equal Weight,HAR+Macro,threshold_half_sd_long_short,long_short_threshold,1.09735088477155,-1.49053104500732,1.2466472411018,0.27741935483871,0.309677419354839,1.18188563622754,-2.21637169705576,-1.23379630045065,0.870967741935484
208,Combination,Equal Weight,HAR,short_only_threshold_half_sd,short_vol_risk_control,0.84254777378282,-1.50329278175947,1.94089722587977,0.206451612903226,0.219354838709677,0.807740467304399,-1.52212171227779,-1.23379630045065,0.896774193548387
209,ML,Neural Network,HAR+Macro,threshold_half_sd_long_short,long_short_threshold,1.17442061444047,-1.5177485770813,1.94189722587977,0.348387096774194,0.412903225806452,1.32554861070007,-1.52112171227779,-1.23379630045065,0.793548387096774
210,ML,Elastic Net,HAR+Macro+Option,threshold_one_sd_long_short,long_short_threshold,0.468056967925204,-1.52169462839528,1.2436472411018,0.116129032258065,0.141935483870968,0.375348158812148,-2.21937169705576,-1.23379630045065,0.890322580645161
211,ML,PCA,HAR+Option,threshold_half_sd_long_short,long_short_threshold,1.00556731039089,-1.5223822756002,1.2436472411018,0.258064516129032,0.245161290322581,1.05211691432403,-2.21937169705576,-1.23379630045065,0.87741935483871
212,ML,Elastic Net,HAR+Macro+Option,threshold_half_sd_long_short,long_short_threshold,1.04860963565305,-1.52414613682063,1.2466472411018,0.264516129032258,0.283870967741936,1.12026339383288,-2.21637169705576,-1.23379630045065,0.890322580645161
213,ML,PCA,HAR+Macro,threshold_half_sd_long_short,long_short_threshold,0.856955927598298,-1.5269114677723,1.2456472411018,0.212903225806452,0.232258064516129,0.837227254715754,-2.21737169705576,-1.23379630045065,0.870967741935484
214,ML,PCA,HAR+Option,threshold_one_sd_long_short,long_short_threshold,0.326555478884923,-1.54188545221881,1.2436472411018,0.0967741935483871,0.129032258064516,0.246715796460696,-2.21937169705576,-1.23379630045065,0.87741935483871
215,ML,PCA,HAR+Macro+Option,threshold_one_sd_long_short,long_short_threshold,0.359744607647964,-1.54342760435473,1.2436472411018,0.0967741935483871,0.141935483870968,0.276758222611938,-2.21937169705576,-1.23379630045065,0.870967741935484
216,Combination,PCA EW,Multiple,threshold_one_sd_long_short,long_short_threshold,0.175629673663783,-1.55015937845818,1.2436472411018,0.0774193548387097,0.103225806451613,0.123458976259282,-2.21937169705576,-1.23379630045065,0.870967741935484
217,Combination,Elastic Net EW,Multiple,threshold_one_sd_long_short,long_short_threshold,0.316544882137556,-1.5641736979823,1.2436472411018,0.0903225806451613,0.129032258064516,0.241529331187814,-2.21937169705576,-1.23379630045065,0.903225806451613
218,ML,Elastic Net,HAR+Macro,threshold_half_sd_long_short,long_short_threshold,0.738516349092175,-1.56476196121139,1.2436472411018,0.193548387096774,0.206451612903226,0.694616134396719,-2.21937169705576,-1.23379630045065,0.890322580645161
219,Combination,Equal Weight,Multiple,threshold_one_sd_long_short,long_short_threshold,0.421384830807463,-1.56573491530491,1.2436472411018,0.103225806451613,0.154838709677419,0.339321101055522,-2.21937169705576,-1.23379630045065,0.896774193548387
220,ML,Elastic Net,HAR,threshold_half_sd_long_short,long_short_threshold,0.746109898446335,-1.56823178839638,1.2436472411018,0.187096774193548,0.206451612903226,0.705559038056886,-2.21937169705576,-1.23379630045065,0.858064516129032
221,Benchmark,OLS HAR,HAR,threshold_half_sd_long_short,long_short_threshold,0.665696107702132,-1.57413841627064,1.2436472411018,0.174193548387097,0.167741935483871,0.607509580531658,-2.21937169705576,-1.23379630045065,0.87741935483871
222,ML,PCA,HAR,threshold_half_sd_long_short,long_short_threshold,0.665696107702132,-1.57413841627064,1.2436472411018,0.174193548387097,0.167741935483871,0.607509580531658,-2.21937169705576,-1.23379630045065,0.87741935483871
223,Combination,PCA EW,Multiple,threshold_half_sd_long_short,long_short_threshold,0.867611346255955,-1.57752619936204,1.2436472411018,0.232258064516129,0.219354838709677,0.872768628391954,-2.21937169705576,-1.23379630045065,0.870967741935484
224,Combination,Equal Weight,HAR,threshold_half_sd_long_short,long_short_threshold,0.767943181940476,-1.62419207275569,1.2456472411018,0.212903225806452,0.232258064516129,0.753914662031266,-2.21737169705576,-1.23379630045065,0.896774193548387
225,Combination,Neural Network EW,Multiple,threshold_one_sd_long_short,long_short_threshold,0.463065464147253,-1.64551117510406,0.301433945069315,0.141935483870968,0.232258064516129,0.398660023502639,-3.16158499308825,-1.23379630045065,0.832258064516129
226,ML,Neural Network,HAR,threshold_half_sd_long_short,long_short_threshold,0.749949575003436,-1.6505224650189,1.2456472411018,0.219354838709677,0.270967741935484,0.739202153646223,-2.21737169705576,-1.23379630045065,0.864516129032258
227,ML,Neural Network,HAR+Macro+Option,threshold_half_sd_long_short,long_short_threshold,1.52289064724856,-1.66064557461117,1.94189722587977,0.496774193548387,0.451612903225806,2.08591664208405,-1.52112171227779,-1.23379630045065,0.8
228,ML,Neural Network,HAR+Macro+Option,threshold_one_sd_long_short,long_short_threshold,0.902058111922713,-1.67366484818032,1.93989722587977,0.251612903225806,0.283870967741936,0.960931865890521,-1.52312171227779,-1.23379630045065,0.8
229,ML,Neural Network,HAR+Option,scaled_long_short,scaled,0.926782966809233,-1.76183184730323,1.58097266073111,0.845161290322581,0.426335893985728,1.03257624828321,-1.88204627742645,-1.23543042533473,0.787096774193548
230,ML,Neural Network,HAR+Option,threshold_one_sd_long_short,long_short_threshold,0.320374222501778,-1.8276804344051,0.882222989083741,0.154838709677419,0.232258064516129,0.284074698654543,-2.58079594907382,-1.23479630045065,0.787096774193548
231,ML,Elastic Net,HAR,binary_timing,long_short,2.25560674538204,-1.92035902870113,-1.20497356295272,1,0.109677419354839,4.19133956311633,-4.66799250111028,-2.78845802651901,0.858064516129032
232,ML,Random Forest,HAR+Macro,binary_timing,long_short,2.18802625602117,-2.10252697866443,-0.471491416709743,1,0.341935483870968,4.10205871814151,-3.9345103548673,-2.79045802651901,0.825806451612903
233,ML,Neural Network,HAR+Option,threshold_half_sd_long_short,long_short_threshold,0.750644478794879,-2.13396742323281,1.07398317117799,0.335483870967742,0.425806451612903,0.885415608534108,-2.38903576697957,-1.23579630045065,0.787096774193548
234,Combination,Neural Network EW,Multiple,binary_timing,long_short,2.16164359213331,-2.17389594030914,0,1,0.367741935483871,4.06623594286421,-3.46301893815756,-2.78845802651901,0.832258064516129
235,ML,Neural Network,HAR+Macro+Option,binary_timing,long_short,2.05358382946817,-2.47209632428964,-3.5527136788005e-15,1,0.496774193548387,3.91668718052656,-3.46301893815756,-2.78845802651901,0.8
236,ML,Neural Network,HAR+Macro,binary_timing,long_short,1.96819907106649,-2.71321077679942,0.554803844549415,1,0.509677419354839,3.79454000223963,-2.90821509360815,-2.78845802651901,0.793548387096774
237,Naive,Historical Mean RV,Historical RV,threshold_quantile_25_75,long_short_threshold,0.326436940633131,-3.18824460205275,-5.53812227045747,0.451612903225806,0.296774193548387,0.437413212630692,-9.00114120861503,-1.23379630045065,0.309677419354839
238,ML,Neural Network,HAR+Option,binary_timing,long_short,1.64846982056113,-3.64864918679673,0,1,0.52258064516129,3.30192724100088,-3.46301893815756,-2.78845802651901,0.787096774193548
239,Naive,Historical Mean RV,Historical RV,threshold_one_sd_long_short,long_short_threshold,-0.198566990828567,-4.14217030683624,-6.99110284818996,0.258064516129032,0.245161290322581,-0.277621900074021,-10.4541217863475,-1.23479630045065,0.309677419354839
240,ML,Neural Network,HAR+Macro+Option,threshold_quantile_25_75,long_short_threshold,0.120273219297186,-4.21402033874907,-3.29602233813598,0.47741935483871,0.535483870967742,0.182783500045603,-6.75904127629354,-1.23379630045065,0.8
241,Combination,Neural Network EW,Multiple,threshold_quantile_25_75,long_short_threshold,-0.344486317944524,-4.25095976886263,-11.3414335624496,0.445161290322581,0.483870967741936,-0.47435761937552,-14.8044525006072,-1.23379630045065,0.832258064516129
242,ML,Neural Network,HAR+Macro,threshold_quantile_25_75,long_short_threshold,-0.164238418014203,-4.37593518206655,-7.66411657237026,0.470967741935484,0.535483870967742,-0.24001705216717,-11.1271355105278,-1.23379630045065,0.793548387096774
243,ML,Elastic Net,HAR+Macro+Option,threshold_quantile_25_75,long_short_threshold,-0.150469486724382,-4.60256169174808,-10.9992225988317,0.509677419354839,0.432258064516129,-0.227940563081285,-14.4622415369893,-1.23379630045065,0.890322580645161
244,ML,Random Forest,HAR+Macro,threshold_quantile_25_75,long_short_threshold,-0.290124048008988,-4.75671113041942,-12.8955404645328,0.535483870967742,0.380645161290323,-0.436040245462975,-16.3585594026904,-1.23379630045065,0.825806451612903
245,ML,Elastic Net,HAR+Option,threshold_quantile_25_75,long_short_threshold,0.157258626544517,-4.82976810256788,-10.9535237055312,0.52258064516129,0.406451612903226,0.261863472486821,-14.4165426436887,-0.729779103641584,0.92258064516129
246,ML,PCA,HAR+Option,threshold_quantile_25_75,long_short_threshold,0.110989989697638,-4.96864517953401,-8.08837015890559,0.496774193548387,0.4,0.186217556905946,-11.5513890970632,-1.23379630045065,0.87741935483871
247,Stacked,Stacked Random Forest,Multiple,threshold_quantile_25_75,long_short_threshold,0.0830886561294929,-5.03254342158436,-6.89137954127953,0.496774193548387,0.458064516129032,0.139691542654022,-10.3543984794371,-1.23379630045065,0.916129032258065
248,Stacked,Stacked Elastic Net,Multiple,threshold_quantile_25_75,long_short_threshold,0.116303379093548,-5.06729870318466,-6.83512432837868,0.503225806451613,0.445161290322581,0.197659852122655,-10.2981432665362,-1.23379630045065,0.916129032258065
249,ML,Neural Network,HAR+Option,threshold_quantile_25_75,long_short_threshold,-0.593227333187331,-5.09578627252686,-14.6210316079474,0.561290322580645,0.574193548387097,-0.877952961137641,-18.0840505461049,-1.23579630045065,0.787096774193548
250,ML,PCA,HAR+Macro+Option,threshold_quantile_25_75,long_short_threshold,0.0375329905013961,-5.21197948575436,-7.53184074878128,0.503225806451613,0.387096774193548,0.0638681560951694,-10.9948596869388,-1.23379630045065,0.870967741935484
251,Combination,Random Forest EW,Multiple,threshold_quantile_25_75,long_short_threshold,-0.0420198550975605,-5.25521034826124,-10.1868437395625,0.503225806451613,0.432258064516129,-0.0707470466900558,-13.64986267772,-1.23379630045065,0.909677419354839
252,ML,Elastic Net,HAR,threshold_quantile_25_75,long_short_threshold,-0.0332084666203091,-5.25791528993763,-9.13612736531394,0.509677419354839,0.406451612903226,-0.0560261379020454,-12.5991463034715,-1.23379630045065,0.858064516129032
253,ML,Random Forest,HAR+Macro+Option,threshold_quantile_25_75,long_short_threshold,-0.0601887991266565,-5.30498760003131,-9.96289914634471,0.509677419354839,0.380645161290323,-0.101563023166503,-13.4259180845023,-1.23379630045065,0.916129032258065
254,Combination,Elastic Net EW,Multiple,threshold_quantile_25_75,long_short_threshold,-0.0460372260829951,-5.30911939181119,-9.13612736531394,0.509677419354839,0.419354838709677,-0.0779355955628552,-12.5991463034715,-1.23379630045065,0.903225806451613
255,Combination,PCA EW,Multiple,threshold_quantile_25_75,long_short_threshold,-0.111913062855561,-5.33900195520625,-9.32351453457476,0.496774193548387,0.445161290322581,-0.187687369908157,-12.7865334727323,-1.23379630045065,0.870967741935484
256,Combination,Equal Weight,HAR+Macro+Option,threshold_quantile_25_75,long_short_threshold,-0.0102876113974443,-5.39955309471036,-9.59567813899797,0.509677419354839,0.458064516129032,-0.0177182531030264,-13.0586970771555,-1.23379630045065,0.883870967741936
257,Combination,Equal Weight,HAR+Macro,threshold_quantile_25_75,long_short_threshold,-0.228778384211853,-5.40347445943542,-11.1868304669154,0.509677419354839,0.483870967741936,-0.377918390556579,-14.6498494050729,-1.23379630045065,0.870967741935484
258,Combination,Equal Weight,HAR,threshold_quantile_25_75,long_short_threshold,-0.12364117053584,-5.40885334024723,-10.1477373612765,0.490322580645161,0.470967741935484,-0.208556612765076,-13.610756299434,-1.23379630045065,0.896774193548387
259,ML,PCA,HAR+Macro,threshold_quantile_25_75,long_short_threshold,-0.119929285977879,-5.41262538244311,-8.7148087053306,0.516129032258065,0.445161290322581,-0.202527594474698,-12.1778276434882,-1.23379630045065,0.870967741935484
260,ML,Random Forest,HAR+Option,threshold_quantile_25_75,long_short_threshold,-0.1712364905249,-5.42027016910288,-11.0412676290303,0.509677419354839,0.406451612903226,-0.286577241692088,-14.5042865671879,-1.23379630045065,0.92258064516129
261,ML,Elastic Net,HAR+Macro,threshold_quantile_25_75,long_short_threshold,-0.165447679208427,-5.45839419339283,-9.52979369802883,0.509677419354839,0.445161290322581,-0.278410465984816,-12.9928126361864,-1.23379630045065,0.890322580645161
262,Benchmark,OLS HAR,HAR,threshold_quantile_25_75,long_short_threshold,-0.178626165730867,-5.46825281293267,-9.52979369802883,0.503225806451613,0.458064516129032,-0.300165600027473,-12.9928126361864,-1.23379630045065,0.87741935483871
263,ML,PCA,HAR,threshold_quantile_25_75,long_short_threshold,-0.178626165730867,-5.46825281293267,-9.52979369802883,0.503225806451613,0.458064516129032,-0.300165600027473,-12.9928126361864,-1.23379630045065,0.87741935483871
264,Combination,Equal Weight,Multiple,threshold_quantile_25_75,long_short_threshold,-0.189922375602867,-5.52194157378881,-11.8735124658185,0.503225806451613,0.419354838709677,-0.320405554144717,-15.336531403976,-1.23379630045065,0.896774193548387
265,Combination,Equal Weight,HAR+Option,threshold_quantile_25_75,long_short_threshold,-0.170233577845295,-5.53615884697944,-9.8227785057088,0.516129032258065,0.483870967741936,-0.288729407249552,-13.2857974438664,-1.23479630045065,0.883870967741936
266,ML,Random Forest,HAR,threshold_quantile_25_75,long_short_threshold,-0.151083249905887,-5.73112922369574,-10.5319560863482,0.529032258064516,0.445161290322581,-0.262728278178824,-13.9949750245058,-1.23379630045065,0.903225806451613
267,ML,Neural Network,HAR,threshold_quantile_25_75,long_short_threshold,-0.293736942822706,-5.94148841157038,-10.1290162118611,0.535483870967742,0.587096774193548,-0.508784000650527,-13.5920351500187,-1.23379630045065,0.864516129032258
268,Naive,Historical Mean RV,Historical RV,scaled_long_short,scaled,-0.870912255832114,-6.28737969760184,-20.6127152449302,0.845161290322581,0.29409014435144,-1.41201611309066,-24.0757341830878,-1.23498154374148,0.309677419354839
269,Naive,Historical Mean RV,Historical RV,threshold_half_sd_long_short,long_short_threshold,-1.07514046694502,-7.00918846057417,-24.1773391446249,0.612903225806452,0.303225806451613,-1.81272162388884,-27.6403580827825,-1.23479630045065,0.309677419354839
270,Naive,Historical Mean RV,Historical RV,binary_timing,long_short,-1.03815295608016,-9.91523194004054,-30.5176999782592,1,0.341935483870968,-2.20653856726887,-33.9807189164168,-1.23579630045065,0.309677419354839
