target_date,realized_value_rv,nn_forecast_rv,har_forecast_rv,nn_error,har_error,nn_sq_error,har_sq_error,error_ratio_vs_har,cumulative_r2_oos_vs_har,nn_sq_error_share
2011-03-31,0.123997,0.089471,0.116076,0.034526,0.007921,0.00119205,6.274e-05,18.998,-17.998274,0.002201
2011-04-30,0.081976,0.093753,0.126516,-0.011777,-0.04454,0.00013869,0.00198385,0.07,0.349778,0.000256
2011-05-31,0.10444,0.084471,0.113068,0.019969,-0.008628,0.00039875,7.445e-05,5.356,0.184603,0.000736
2011-06-30,0.117318,0.147131,0.115662,-0.029813,0.001657,0.0008888,2.74e-06,323.834,-0.23284,0.001641
2011-07-31,0.111323,0.09247,0.117088,0.018852,-0.005766,0.00035541,3.324e-05,10.691,-0.378606,0.000656
2011-08-31,0.300476,0.238088,0.113971,0.062388,0.186505,0.00389221,0.03478412,0.112,0.814139,0.007185
2011-09-30,0.237419,0.317225,0.187337,-0.079806,0.050082,0.00636906,0.00250816,2.539,0.664507,0.011758
2011-10-31,0.211041,0.418465,0.156618,-0.207425,0.054422,0.04302508,0.00296177,14.527,-0.326541,0.079429
2011-11-30,0.182998,0.177939,0.144906,0.005059,0.038091,2.559e-05,0.00145094,0.018,-0.283243,4.7e-05
2011-12-31,0.126411,0.18083,0.14225,-0.05442,-0.015839,0.00296149,0.00025088,11.805,-0.343079,0.005467
2012-01-31,0.091735,0.236015,0.126939,-0.14428,-0.035205,0.02081684,0.00123937,16.796,-0.76538,0.03843
2012-02-29,0.08055,0.139688,0.113749,-0.059138,-0.033199,0.00349726,0.00110217,3.173,-0.798778,0.006456
2012-03-31,0.076166,0.09183,0.107721,-0.015664,-0.031554,0.00024536,0.00099567,0.246,-0.766204,0.000453
2012-04-30,0.090579,0.084909,0.105054,0.00567,-0.014475,3.215e-05,0.00020951,0.153,-0.759114,5.9e-05
2012-05-31,0.122531,0.082893,0.109436,0.039638,0.013095,0.00157117,0.00017148,9.162,-0.785656,0.002901
2012-06-30,0.119377,0.125279,0.121787,-0.005902,-0.00241,3.484e-05,5.81e-06,5.996,-0.786167,6.4e-05
2012-07-31,0.100883,0.171755,0.120798,-0.070873,-0.019915,0.00502294,0.00039661,12.665,-0.875618,0.009273
2012-08-31,0.080056,0.128859,0.113374,-0.048803,-0.033317,0.00238169,0.00111004,2.146,-0.881691,0.004397
2012-09-30,0.079407,0.107751,0.103691,-0.028344,-0.024284,0.0008034,0.00058971,1.362,-0.875558,0.001483
2012-10-31,0.093996,0.103249,0.099614,-0.009252,-0.005618,8.561e-05,3.156e-05,2.712,-0.876087,0.000158
2012-11-30,0.110584,0.067852,0.103269,0.042732,0.007315,0.00182601,5.351e-05,34.122,-0.910586,0.003371
2012-12-31,0.099234,0.091768,0.108805,0.007466,-0.009571,5.574e-05,9.16e-05,0.609,-0.908206,0.000103
2013-01-31,0.066795,0.084282,0.105212,-0.017487,-0.038417,0.0003058,0.00147584,0.207,-0.859541,0.000565
2013-02-28,0.078075,0.084072,0.093819,-0.005997,-0.015743,3.596e-05,0.00024785,0.145,-0.851344,6.6e-05
2013-03-31,0.077507,0.099108,0.096328,-0.021601,-0.018821,0.00046659,0.00035423,1.317,-0.847718,0.000861
2013-04-30,0.092359,0.081548,0.095481,0.010811,-0.003122,0.00011687,9.74e-06,11.994,-0.849612,0.000216
2013-05-31,0.087706,0.066326,0.100601,0.02138,-0.012895,0.00045712,0.00016628,2.749,-0.852468,0.000844
2013-06-30,0.128367,0.094788,0.098965,0.033579,0.029402,0.00112752,0.00086445,1.304,-0.843566,0.002082
2013-07-31,0.07679,0.137624,0.114228,-0.060834,-0.037438,0.00370081,0.00140161,2.64,-0.86401,0.006832
2013-08-31,0.078373,0.091084,0.096433,-0.012711,-0.01806,0.00016157,0.00032616,0.495,-0.855887,0.000298
2013-09-30,0.078422,0.125414,0.096396,-0.046992,-0.017974,0.00220824,0.00032308,6.835,-0.884988,0.004077
2013-10-31,0.086109,0.073333,0.095142,0.012776,-0.009033,0.00016322,8.159e-05,2,-0.885158,0.000301
2013-11-30,0.069816,0.085389,0.097552,-0.015573,-0.027736,0.00024251,0.00076931,0.315,-0.863641,0.000448
2013-12-31,0.071212,0.084811,0.091965,-0.013599,-0.020754,0.00018493,0.00043071,0.429,-0.852719,0.000341
2014-01-31,0.088514,0.08554,0.091869,0.002974,-0.003355,8.85e-06,1.126e-05,0.786,-0.852506,1.6e-05
2014-02-28,0.090248,0.077875,0.097204,0.012374,-0.006956,0.00015311,4.839e-05,3.164,-0.853627,0.000283
2014-03-31,0.092837,0.075276,0.098233,0.017561,-0.005395,0.00030839,2.911e-05,10.594,-0.858119,0.000569
2014-04-30,0.095929,0.080909,0.099441,0.01502,-0.003513,0.0002256,1.234e-05,18.284,-0.861695,0.000416
2014-05-31,0.07303,0.107066,0.100581,-0.034035,-0.02755,0.0011584,0.00075902,1.526,-0.85726,0.002139
2014-06-30,0.056536,0.076083,0.09263,-0.019547,-0.036094,0.00038207,0.00130275,0.293,-0.822565,0.000705
2014-07-31,0.066072,0.165878,0.086425,-0.099806,-0.020354,0.00996127,0.00041427,24.046,-0.978239,0.01839
2014-08-31,0.075228,0.0891,0.088089,-0.013872,-0.012861,0.00019244,0.00016541,1.163,-0.975966,0.000355
2014-09-30,0.076211,0.072719,0.090637,0.003491,-0.014426,1.219e-05,0.00020812,0.059,-0.969261,2.3e-05
2014-10-31,0.143992,0.125817,0.091213,0.018175,0.052779,0.00033032,0.00278562,0.119,-0.886507,0.00061
2014-11-30,0.064277,0.154323,0.116698,-0.090046,-0.052421,0.00810834,0.00274797,2.951,-0.931465,0.014969
2014-12-31,0.100432,0.108459,0.089893,-0.008026,0.010539,6.442e-05,0.00011107,0.58,-0.929161,0.000119
2015-01-31,0.138136,0.122439,0.101822,0.015697,0.036313,0.00024638,0.00131866,0.187,-0.894599,0.000455
2015-02-28,0.092136,0.204073,0.115238,-0.111936,-0.023102,0.01252974,0.00053371,23.477,-1.066496,0.023131
2015-03-31,0.085272,0.102083,0.10078,-0.016811,-0.015508,0.0002826,0.00024049,1.175,-1.063308,0.000522
2015-04-30,0.084261,0.126926,0.098092,-0.042664,-0.013831,0.00182023,0.0001913,9.515,-1.084445,0.00336
2015-05-31,0.075371,0.078492,0.096177,-0.00312,-0.020806,9.74e-06,0.00043288,0.022,-1.071295,1.8e-05
2015-06-30,0.08192,0.05244,0.09305,0.02948,-0.01113,0.00086908,0.00012387,7.016,-1.080302,0.001604
2015-07-31,0.082813,0.100699,0.095197,-0.017885,-0.012383,0.00031988,0.00015335,2.086,-1.080315,0.000591
2015-08-31,0.181247,0.131756,0.095605,0.04949,0.085642,0.0024493,0.00733449,0.334,-0.910629,0.004522
2015-09-30,0.152576,0.237395,0.135131,-0.084819,0.017445,0.00719418,0.00030432,23.64,-0.997881,0.013281
2015-10-31,0.109522,0.10568,0.126978,0.003842,-0.017456,1.476e-05,0.00030471,0.048,-0.990075,2.7e-05
2015-11-30,0.090945,0.0895,0.110888,0.001446,-0.019943,2.09e-06,0.00039771,0.005,-0.979755,4e-06
2015-12-31,0.122208,0.063462,0.102904,0.058746,0.019304,0.00345115,0.00037265,9.261,-1.015056,0.006371
2016-01-31,0.191118,0.13477,0.113685,0.056348,0.077433,0.00317504,0.00599581,0.53,-0.907563,0.005861
2016-02-29,0.16302,0.268112,0.145137,-0.105092,0.017883,0.01104437,0.0003198,34.535,-1.033006,0.020389
2016-03-31,0.094803,0.186332,0.135823,-0.091529,-0.04102,0.0083776,0.00168267,4.979,-1.091415,0.015466
2016-04-30,0.082293,0.060878,0.108628,0.021415,-0.026335,0.00045862,0.00069352,0.661,-1.079822,0.000847
2016-05-31,0.085302,0.121806,0.102154,-0.036504,-0.016852,0.00133255,0.00028398,4.692,-1.088465,0.00246
2016-06-30,0.093974,0.102941,0.101915,-0.008967,-0.007941,8.04e-05,6.307e-05,1.275,-1.087868,0.000148
2016-07-31,0.066627,0.093916,0.104667,-0.027289,-0.03804,0.00074469,0.00144705,0.515,-1.061805,0.001375
2016-08-31,0.058756,0.066551,0.095012,-0.007795,-0.036257,6.077e-05,0.00131454,0.046,-1.031922,0.000112
2016-09-30,0.089561,0.078479,0.090928,0.011082,-0.001367,0.00012281,1.87e-06,65.765,-1.033265,0.000227
2016-10-31,0.076458,0.0609,0.100175,0.015558,-0.023717,0.00024205,0.00056249,0.43,-1.02316,0.000447
2016-11-30,0.086135,0.092828,0.095965,-0.006694,-0.00983,4.481e-05,9.663e-05,0.464,-1.021473,8.3e-05
2016-12-31,0.062411,0.098512,0.099595,-0.036101,-0.037184,0.0013033,0.00138263,0.943,-1.005028,0.002406
2017-01-31,0.062127,0.083065,0.091312,-0.020938,-0.029185,0.00043838,0.00085178,0.515,-0.991164,0.000809
2017-02-28,0.051818,0.051662,0.089814,0.000156,-0.037996,2e-08,0.00144367,0,-0.960256,0
2017-03-31,0.065439,0.058362,0.08508,0.007078,-0.019641,5.009e-05,0.00038578,0.13,-0.952694,9.2e-05
2017-04-30,0.068213,0.058601,0.088079,0.009612,-0.019866,9.239e-05,0.00039466,0.234,-0.945462,0.000171
2017-05-31,0.051677,0.07462,0.089069,-0.022943,-0.037392,0.00052639,0.00139815,0.376,-0.922415,0.000972
2017-06-30,0.060007,0.057834,0.083636,0.002173,-0.023629,4.72e-06,0.00055832,0.008,-0.911254,9e-06
2017-07-31,0.048692,0.04671,0.08495,0.001982,-0.036258,3.93e-06,0.00131465,0.003,-0.885406,7e-06
2017-08-31,0.058951,0.057742,0.080325,0.001209,-0.021374,1.46e-06,0.00045683,0.003,-0.876588,3e-06
2017-09-30,0.045311,0.074588,0.081834,-0.029276,-0.036523,0.00085711,0.00133394,0.643,-0.859934,0.001582
2017-10-31,0.037867,0.065109,0.077069,-0.027242,-0.039202,0.00074212,0.00153678,0.483,-0.838853,0.00137
2017-11-30,0.049003,0.057906,0.073706,-0.008903,-0.024703,7.926e-05,0.00061024,0.13,-0.828527,0.000146
2017-12-31,0.060199,0.08784,0.074816,-0.027641,-0.014616,0.00076403,0.00021363,3.576,-0.832216,0.00141
2018-01-31,0.065198,0.088934,0.07762,-0.023736,-0.012423,0.00056341,0.00015432,3.651,-0.834985,0.00104
2018-02-28,0.138705,0.059133,0.078195,0.079572,0.060509,0.0063317,0.00366135,1.729,-0.831302,0.011689
2018-03-31,0.138916,0.115169,0.10439,0.023746,0.034526,0.00056389,0.00119204,0.473,-0.816058,0.001041
2018-04-30,0.140778,0.077152,0.106401,0.063626,0.034378,0.00404826,0.00118182,3.425,-0.833768,0.007474
2018-05-31,0.095071,0.110436,0.109932,-0.015365,-0.014861,0.00023607,0.00022085,1.069,-0.832199,0.000436
2018-06-30,0.080395,0.070328,0.093315,0.010067,-0.01292,0.00010135,0.00016692,0.607,-0.830302,0.000187
2018-07-31,0.069061,0.096831,0.087867,-0.027769,-0.018805,0.00077113,0.00035364,2.181,-0.831447,0.001424
2018-08-31,0.059682,0.065559,0.083871,-0.005877,-0.024189,3.454e-05,0.00058512,0.059,-0.821908,6.4e-05
2018-09-30,0.065413,0.083501,0.080647,-0.018088,-0.015234,0.00032719,0.00023209,1.41,-0.821031,0.000604
2018-10-31,0.172602,0.072821,0.08166,0.099781,0.090941,0.00995616,0.0082703,1.204,-0.777488,0.01838
2018-11-30,0.145509,0.110531,0.119951,0.034978,0.025558,0.00122344,0.00065323,1.873,-0.778017,0.002259
2018-12-31,0.235584,0.120389,0.115889,0.115195,0.119695,0.01327,0.01432698,0.926,-0.685709,0.024498
2019-01-31,0.138056,0.16669,0.189611,-0.028634,-0.051556,0.0008199,0.002658,0.308,-0.658565,0.001514
2019-02-28,0.082055,0.07247,0.117973,0.009585,-0.035918,9.187e-05,0.00129009,0.071,-0.643524,0.00017
2019-03-31,0.094707,0.151517,0.087538,-0.05681,0.007169,0.00322732,5.139e-05,62.795,-0.666599,0.005958
2019-04-30,0.057279,0.083676,0.095259,-0.026398,-0.03798,0.00069684,0.00144247,0.483,-0.654196,0.001286
2019-05-31,0.116466,0.076341,0.078479,0.040125,0.037987,0.00161004,0.00144303,1.116,-0.64861,0.002972
2019-06-30,0.086332,0.094286,0.106072,-0.007953,-0.019739,6.326e-05,0.00038963,0.162,-0.644458,0.000117
2019-07-31,0.066691,0.079401,0.09128,-0.012709,-0.024589,0.00016152,0.0006046,0.267,-0.638513,0.000298
2019-08-31,0.139165,0.08034,0.08282,0.058825,0.056345,0.00346036,0.00317473,1.09,-0.626357,0.006388
2019-09-30,0.088999,0.175507,0.118918,-0.086507,-0.029918,0.00748352,0.0008951,8.361,-0.668172,0.013815
2019-10-31,0.091645,0.108444,0.094366,-0.016799,-0.002721,0.00028222,7.41e-06,38.112,-0.670044,0.000521
2019-11-30,0.055248,0.073578,0.094721,-0.01833,-0.039472,0.00033599,0.00155804,0.216,-0.654493,0.00062
2019-12-31,0.062099,0.072746,0.078494,-0.010646,-0.016395,0.00011334,0.00026878,0.422,-0.652224,0.000209
2020-01-31,0.079758,0.061045,0.078792,0.018713,0.000965,0.00035017,9.3e-07,375.916,-0.654612,0.000646
2020-02-29,0.185644,0.062618,0.085002,0.123026,0.100642,0.01513534,0.01012878,1.494,-0.64421,0.027941
2020-03-31,0.582955,0.304827,0.14521,0.278129,0.437746,0.07735564,0.19162141,0.404,0.039376,0.142807
2020-04-30,0.24992,0.147105,1.544976,0.102815,-1.295056,0.01057092,1.67716907,0.006,0.829811,0.019515
2020-05-31,0.16411,0.083342,0.187209,0.080768,-0.023099,0.00652341,0.00053357,12.226,0.826635,0.012043
2020-06-30,0.182763,0.12167,0.134341,0.061093,0.048423,0.00373237,0.00234474,1.592,0.824994,0.00689
2020-07-31,0.13369,0.300487,0.149735,-0.166797,-0.016045,0.02782112,0.00025743,108.071,0.811299,0.051361
2020-08-31,0.087115,0.08791,0.123703,-0.000795,-0.036589,6.3e-07,0.00133872,0,0.811423,1e-06
2020-09-30,0.185835,0.167525,0.101516,0.01831,0.084319,0.00033526,0.00710972,0.047,0.811916,0.000619
2020-10-31,0.147008,0.351623,0.149279,-0.204615,-0.002272,0.04186748,5.16e-06,8111.981,0.791358,0.077292
2020-11-30,0.135406,0.207186,0.132723,-0.07178,0.002683,0.0051524,7.2e-06,715.643,0.788829,0.009512
2020-12-31,0.087278,0.0683,0.130427,0.018978,-0.043149,0.00036015,0.00186183,0.193,0.788845,0.000665
2021-01-31,0.126435,0.193813,0.108469,-0.067379,0.017966,0.00453988,0.00032277,14.065,0.786652,0.008381
2021-02-28,0.12197,0.347045,0.126887,-0.225075,-0.004917,0.05065883,2.418e-05,2094.974,0.761806,0.093521
2021-03-31,0.141923,0.061599,0.124231,0.080324,0.017692,0.00645193,0.00031301,20.613,0.758678,0.011911
2021-04-30,0.072273,0.106818,0.125207,-0.034545,-0.052934,0.00119333,0.00280201,0.426,0.758425,0.002203
2021-05-31,0.098181,0.094254,0.095396,0.003926,0.002784,1.541e-05,7.75e-06,1.988,0.758418,2.8e-05
2021-06-30,0.06527,0.09538,0.102633,-0.03011,-0.037363,0.00090662,0.00139602,0.649,0.75814,0.001674
2021-07-31,0.07521,0.123211,0.088853,-0.048001,-0.013644,0.00230408,0.00018615,12.378,0.757034,0.004254
2021-08-31,0.063625,0.085925,0.090902,-0.022301,-0.027277,0.00049731,0.00074405,0.668,0.756879,0.000918
2021-09-30,0.101893,0.092802,0.085215,0.00909,0.016678,8.264e-05,0.00027814,0.297,0.756872,0.000153
2021-10-31,0.097686,0.172966,0.096214,-0.07528,0.001471,0.0056671,2.16e-06,2618.17,0.7541,0.010462
2021-11-30,0.0899,0.068914,0.094579,0.020986,-0.004679,0.00044041,2.189e-05,20.116,0.753887,0.000813
2021-12-31,0.127157,0.174711,0.091806,-0.047554,0.035351,0.00226141,0.0012497,1.81,0.752932,0.004175
2022-01-31,0.205406,0.164093,0.104555,0.041313,0.100851,0.0017068,0.01017091,0.168,0.753325,0.003151
2022-02-28,0.189065,0.166006,0.138731,0.023059,0.050335,0.00053172,0.00253358,0.21,0.75337,0.000982
2022-03-31,0.173137,0.115951,0.135722,0.057185,0.037415,0.00327015,0.00139989,2.336,0.75195,0.006037
2022-04-30,0.158515,0.222365,0.131275,-0.063851,0.02724,0.0040769,0.000742,5.494,0.750061,0.007526
2022-05-31,0.257839,0.262986,0.127244,-0.005147,0.130595,2.649e-05,0.01705507,0.002,0.7521,4.9e-05
2022-06-30,0.206287,0.1621,0.186395,0.044187,0.019891,0.00195249,0.00039566,4.935,0.751207,0.003604
2022-07-31,0.163891,0.172015,0.163232,-0.008125,0.000659,6.601e-05,4.3e-07,152.096,0.751175,0.000122
2022-08-31,0.13005,0.078451,0.14456,0.051599,-0.01451,0.00266247,0.00021054,12.646,0.74992,0.004915
2022-09-30,0.196263,0.166783,0.126376,0.02948,0.069887,0.00086906,0.00488417,0.178,0.750089,0.001604
2022-10-31,0.199758,0.231664,0.16148,-0.031905,0.038278,0.00101795,0.00146519,0.695,0.749776,0.001879
2022-11-30,0.169487,0.163277,0.170144,0.006209,-0.000657,3.856e-05,4.3e-07,89.257,0.749758,7.1e-05
2022-12-31,0.15878,0.207736,0.158438,-0.048956,0.000342,0.00239669,1.2e-07,20498.064,0.748608,0.004425
2023-01-31,0.142558,0.096654,0.152814,0.045903,-0.010256,0.00210711,0.00010519,20.031,0.74761,0.00389
2023-02-28,0.147988,0.070888,0.14109,0.0771,0.006898,0.00594448,4.759e-05,124.917,0.744764,0.010974
2023-03-31,0.165893,0.136375,0.142459,0.029517,0.023434,0.00087128,0.00054915,1.587,0.744414,0.001608
2023-04-30,0.089943,0.104704,0.152531,-0.014761,-0.062588,0.0002179,0.00391727,0.056,0.744788,0.000402
2023-05-31,0.105742,0.070603,0.114387,0.035139,-0.008644,0.00123476,7.472e-05,16.524,0.744207,0.002279
2023-06-30,0.091009,0.063353,0.115663,0.027656,-0.024654,0.00076484,0.00060782,1.258,0.743915,0.001412
2023-07-31,0.072686,0.052103,0.104988,0.020582,-0.032302,0.00042363,0.00104342,0.406,0.74384,0.000782
2023-08-31,0.097453,0.104517,0.096284,-0.007064,0.001169,4.99e-05,1.37e-06,36.522,0.743817,9.2e-05
2023-09-30,0.091761,0.086392,0.103617,0.005368,-0.011856,2.882e-05,0.00014057,0.205,0.74382,5.3e-05
2023-10-31,0.126138,0.086013,0.100191,0.040124,0.025947,0.00160996,0.00067324,2.391,0.743133,0.002972
2023-11-30,0.080611,0.136403,0.113184,-0.055792,-0.032573,0.00311274,0.00106099,2.934,0.741776,0.005746
2023-12-31,0.074632,0.040311,0.09612,0.034321,-0.021488,0.00117791,0.00046175,2.551,0.74127,0.002175
2024-01-31,0.085179,0.094815,0.092604,-0.009635,-0.007425,9.284e-05,5.513e-05,1.684,0.741232,0.000171
