specification_name,model_type,feature_set,model_family,information_set,n_predictors,target_type,window_type,n_oos,oos_r2,qlike,mse,mae,dm_p_value_vs_ols_har,encompassing_p_value_vs_ols_har,mcs_included
Elastic Net | HAR + Macro,enet,HAR_M,Elastic Net,HAR + Macro,157,log,rolling,191,0.0738312009112498,0.375215788820273,0.00646006995768255,0.0390105899747463,0.481218063722851,9.27397130096659e-05,TRUE
Elastic Net | HAR + Option,enet,HAR_O,Elastic Net,HAR + Option,23,log,rolling,191,-0.0861268522759451,1.14983162218585,0.00757578473332678,0.0504734170888745,0.17438626173362,4.06922071344953e-10,TRUE
Elastic Net | HAR + Option + Macro,enet,HAR_OM,Elastic Net,HAR + Option + Macro,177,log,rolling,191,-1.55066217587644,0.829554112066005,0.0177909859528723,0.0638898632980627,0.0167974661404633,0.616501496318845,TRUE
Elastic Net | Macro,enet,M,Elastic Net,Macro,154,log,rolling,191,0.0924047031886134,0.670320957721837,0.00633051892531243,0.0534053427050333,9.17829849418095e-05,0.00124227206476836,TRUE
Elastic Net | Option,enet,O,Elastic Net,Option,20,log,rolling,191,-0.64449541568981,0.259720036126756,0.0114704311361999,0.0444850029856472,0.195230215765009,7.44981685922184e-10,TRUE
Elastic Net | Option + Macro,enet,OM,Elastic Net,Option + Macro,174,log,rolling,191,0.483441512548588,0.31839850195695,0.00360301920066197,0.03698791515406,0.625365547360456,2.6299527970918e-19,TRUE
Neural Network | HAR,nn,HAR,Neural Network,HAR,3,log,rolling,191,-0.821136455033041,0.569764989890202,0.0127025105073445,0.050866234176578,0.00393546613434717,3.80173571019162e-05,TRUE
Neural Network | HAR + Macro,nn,HAR_M,Neural Network,HAR + Macro,157,log,rolling,191,0.178331064760746,0.707162757233455,0.0057311786025643,0.0461326514399501,1.5775889903204e-05,3.76424432344597e-08,TRUE
Neural Network | HAR + Option,nn,HAR_O,Neural Network,HAR + Option,23,log,rolling,191,-3.97050623885627,3.02227944294322,0.0346695095534439,0.0900123386939347,0.00934723249655298,0.220605247987971,TRUE
Neural Network | HAR + Option + Macro,nn,HAR_OM,Neural Network,HAR + Option + Macro,177,log,rolling,191,0.19044070761452,0.419081449170091,0.00564671328687357,0.0469271984130113,0.337076518381428,1.15901101248022e-09,TRUE
Neural Network | Macro,nn,M,Neural Network,Macro,154,log,rolling,191,-0.466937914986667,1.84931469033569,0.0102319594049321,0.0650862507346704,9.74823572756083e-05,0.00347533104607164,TRUE
Neural Network | Option,nn,O,Neural Network,Option,20,log,rolling,191,-0.847416664089441,1.1329119364366,0.0128858161738427,0.0678042233362726,0.0110331891720963,0.122616224610518,TRUE
Neural Network | Option + Macro,nn,OM,Neural Network,Option + Macro,174,log,rolling,191,0.194543360090845,0.55690118753062,0.00561809709721657,0.0482551349383892,0.0226628204852503,1.11502979660271e-10,TRUE
OLS | HAR,har_ols,HAR,OLS,HAR,3,log,rolling,191,0,0.354150866485621,0.00697504597870125,0.0408315539051258,,,TRUE
PCA Regression | HAR + Macro,pca,HAR_M,PCA Regression,HAR + Macro,157,log,rolling,191,0.0876872366621644,0.359088122152681,0.00636342347123739,0.0382497237005052,0.783198147246619,4.44893917377277e-05,TRUE
PCA Regression | HAR + Option,pca,HAR_O,PCA Regression,HAR + Option,23,log,rolling,191,-22.6705974166452,0.475843863831717,0.165103505324427,0.139228677137876,0.164209113139259,0.00252170137825025,TRUE
PCA Regression | HAR + Option + Macro,pca,HAR_OM,PCA Regression,HAR + Option + Macro,177,log,rolling,191,-7.65596208416421,0.467908218239775,0.0603757335269401,0.0930920650437563,0.131043494891253,0.410300847778035,TRUE
PCA Regression | Macro,pca,M,PCA Regression,Macro,154,log,rolling,191,0.0323015045874756,0.739656646713358,0.00674974149902238,0.0565410976069446,0.00457540864705334,0.0240281195644109,TRUE
PCA Regression | Option,pca,O,PCA Regression,Option,20,log,rolling,191,-2.14472235120514,0.288589479812944,0.0219345829899053,0.0568738644294725,0.361699631152822,8.38404456533958e-11,TRUE
PCA Regression | Option + Macro,pca,OM,PCA Regression,Option + Macro,174,log,rolling,191,0.27013121675839,0.362212658453831,0.00509086832152896,0.0430570508468737,0.920448114871686,1.53883160463306e-10,TRUE
PLS Regression | HAR + Macro,pls,HAR_M,PLS Regression,HAR + Macro,157,log,rolling,191,-0.6458881522208,9.77327400300936,0.0114801455375397,0.0682519711488357,0.000217207729178149,0.155906535944614,TRUE
PLS Regression | HAR + Option,pls,HAR_O,PLS Regression,HAR + Option,23,log,rolling,191,-3.15095801969701e+244,95.6490950751575,2.19780770643441e+242,2.74051705357559e+120,5.67651971752326e-21,1.10535431748571e-12,
PLS Regression | HAR + Option + Macro,pls,HAR_OM,PLS Regression,HAR + Option + Macro,177,log,rolling,191,-3.74326198680945e+219,80.2966016951962,2.61094244683205e+217,9.80116749507854e+107,3.03285944651923e-19,3.0273346915119e-12,
PLS Regression | Macro,pls,M,PLS Regression,Macro,154,log,rolling,191,-0.955048688995911,12.8589982993464,0.0136365544963461,0.0846800283631901,9.71311533221376e-07,0.275367072735077,
PLS Regression | Option,pls,O,PLS Regression,Option,20,log,rolling,191,-4.09680799147966e+79,73.5125271661299,2.85754241064813e+77,1.28694473649733e+38,6.80264613101507e-40,0.570627439604271,
PLS Regression | Option + Macro,pls,OM,PLS Regression,Option + Macro,174,log,rolling,191,-2.80018619723221e+45,54.3850232161784,1.95314274746192e+43,1.29568541133744e+21,4.87041480047462e-25,4.48902566722177e-12,
Random Forest | HAR,rf,HAR,Random Forest,HAR,3,log,rolling,191,0.379942692504626,0.397985251917888,0.00432492822920993,0.0381508507715969,0.0687432261623916,4.84990384769977e-12,TRUE
Random Forest | HAR + Macro,rf,HAR_M,Random Forest,HAR + Macro,157,log,rolling,191,0.29938746805037,0.498057101188021,0.00488680462360297,0.0430837799654914,0.0993597228356992,4.0550550771172e-11,TRUE
Random Forest | HAR + Option,rf,HAR_O,Random Forest,HAR + Option,23,log,rolling,191,0.287861294491986,0.376055270438367,0.00496720021413119,0.0413099326385329,0.709583326616338,1.66525583557819e-08,TRUE
Random Forest | HAR + Option + Macro,rf,HAR_OM,Random Forest,HAR + Option + Macro,177,log,rolling,191,0.240712946881749,0.458234536658152,0.00529606210653238,0.0404704351948885,0.165676514592813,5.55844459016054e-07,TRUE
Random Forest | Macro,rf,M,Random Forest,Macro,154,log,rolling,191,0.211672958344623,0.60810456306665,0.00549861736179979,0.0461596529216482,0.0407568654117348,8.71868544703578e-08,TRUE
Random Forest | Option,rf,O,Random Forest,Option,20,log,rolling,191,0.279092367513174,0.38148554297882,0.00502836388299227,0.0417430588356714,0.634312377923273,2.78995757147154e-08,TRUE
Random Forest | Option + Macro,rf,OM,Random Forest,Option + Macro,174,log,rolling,191,0.232009925992116,0.466715247715872,0.00535676607739116,0.0407028897053285,0.143024057656909,8.60589625356707e-07,TRUE
