rolling_window_months,forecast_id,model,information_set,forecast_type,n,squared_error_gain_vs_har,dm_stat_model_minus_har,dm_p_two_sided,dm_p_one_sided_model_better,se_dm_sig
60,pca__HAR__log__rolling,PCA,HAR,individual,302,0,,,,""
60,pca__HAR_O__log__rolling,PCA,HAR+Option,individual,226,0.0198140497347597,-1.34537227201044,0.178505044958601,0.0892525224793005,*
60,pca__HAR_M__log__rolling,PCA,HAR+Macro,individual,276,-0.0507660520494813,0.932124881469623,0.35127199070397,0.824364004648015,""
60,pca__HAR_OM__log__rolling,PCA,HAR+Macro+Option,individual,206,0.0168644177637845,-1.22752110400298,0.21962679476876,0.10981339738438,""
60,enet__HAR__log__rolling,Elastic Net,HAR,individual,302,0.0390542132972987,-1.22613929383222,0.220146261181602,0.110073130590801,""
60,enet__HAR_O__log__rolling,Elastic Net,HAR+Option,individual,231,0.0508035397964948,-1.07224270680522,0.283611032922401,0.1418055164612,""
60,enet__HAR_M__log__rolling,Elastic Net,HAR+Macro,individual,276,-0.005226832618092,0.907059520914766,0.364375322502642,0.817812338748679,""
60,enet__HAR_OM__log__rolling,Elastic Net,HAR+Macro+Option,individual,211,0.0564674586793402,-1.04503204740509,0.296008158145489,0.148004079072745,""
60,rf__HAR__log__rolling,Random Forest,HAR,individual,302,0.0524922332601411,-1.27598351908776,0.201961345114686,0.100980672557343,""
60,rf__HAR_O__log__rolling,Random Forest,HAR+Option,individual,211,0.0754242316640023,-1.2813649123714,0.200065522477075,0.100032761238538,""
60,rf__HAR_M__log__rolling,Random Forest,HAR+Macro,individual,276,0.0568594057306194,-1.26499526938985,0.205873023667041,0.10293651183352,""
60,rf__HAR_OM__log__rolling,Random Forest,HAR+Macro+Option,individual,191,0.08246495989875,-1.26975074915972,0.204173429265687,0.102086714632844,""
60,nn__HAR__log__rolling,Neural Network,HAR,individual,302,0.0439135748587804,-1.08509444300753,0.277879828292724,0.138939914146362,""
60,nn__HAR_O__log__rolling,Neural Network,HAR+Option,individual,211,0.0676572762545011,-1.1509182914885,0.249765851917971,0.124882925958985,""
60,nn__HAR_M__log__rolling,Neural Network,HAR+Macro,individual,276,0.0574017841575095,-1.27436828537592,0.202532926490516,0.101266463245258,""
60,nn__HAR_OM__log__rolling,Neural Network,HAR+Macro+Option,individual,191,0.0820500992421819,-1.26146965098431,0.207139687684703,0.103569843842351,""
60,ew_method__pca__rolling60,PCA EW,Multiple,method_EW,206,-0.00139428745173843,0.0913460526412535,0.92721762620299,0.536391186898505,""
60,ew_method__enet__rolling60,Elastic Net EW,Multiple,method_EW,211,0.0500081790299678,-1.17872359806858,0.238508255809798,0.119254127904899,""
60,ew_method__rf__rolling60,Random Forest EW,Multiple,method_EW,191,0.0829158781215365,-1.27590164923326,0.201990288009799,0.100995144004899,""
60,ew_method__nn__rolling60,Neural Network EW,Multiple,method_EW,191,0.0821440931990482,-1.2640671966209,0.206205909369017,0.103102954684508,""
60,ew_infoset__HAR__rolling60,Equal Weight,HAR,infoset_EW,302,0.0439926419547015,-1.25597323703823,0.209125673485469,0.104562836742735,""
60,ew_infoset__HAR_O__rolling60,Equal Weight,HAR+Option,infoset_EW,211,0.0677145443603064,-1.28659121667958,0.198236806725334,0.0991184033626671,*
60,ew_infoset__HAR_M__rolling60,Equal Weight,HAR+Macro,infoset_EW,276,0.0391510953791922,-1.39554985863345,0.162850090693127,0.0814250453465635,*
60,ew_infoset__HAR_OM__rolling60,Equal Weight,HAR+Macro+Option,infoset_EW,191,0.0759621358043612,-1.28242822369884,0.199692468737276,0.099846234368638,*
60,ew_all_ml__rolling60,Equal Weight,Multiple,all_EW,191,0.0709656468319293,-1.30344607067033,0.192422516589499,0.0962112582947497,*
60,stacked_enet__ALL_ML__log__rolling,Stacked Elastic Net,Multiple,stacked,266,0.0525438152664927,-1.27315745108313,0.202962175701783,0.101481087850891,""
60,stacked_rf__ALL_ML__log__rolling,Stacked Random Forest,Multiple,stacked,266,0.0597080936531001,-1.27794589819165,0.201268502989511,0.100634251494756,""
120,enet__HAR__log__rolling,Elastic Net,HAR,individual,155,0.00509227922793239,-0.980697173236078,0.326742098276656,0.163371049138328,""
120,enet__HAR_O__log__rolling,Elastic Net,HAR+Option,individual,155,0.0118569164932457,-1.09440061137106,0.273779315928414,0.136889657964207,""
120,enet__HAR_M__log__rolling,Elastic Net,HAR+Macro,individual,155,1.58817025370794e-05,-0.373245349855218,0.70896584659228,0.35448292329614,""
120,enet__HAR_OM__log__rolling,Elastic Net,HAR+Macro+Option,individual,155,0.00476672431977631,-1.13453888982075,0.256568570335196,0.128284285167598,""
120,pca__HAR__log__rolling,PCA,HAR,individual,155,0,,,,""
120,pca__HAR_O__log__rolling,PCA,HAR+Option,individual,155,0.00540324887520624,-1.09505127597398,0.273494173013181,0.136747086506591,""
120,pca__HAR_M__log__rolling,PCA,HAR+Macro,individual,155,-0.00667042288195195,1.01144577108876,0.311803123664608,0.844098438167696,""
120,pca__HAR_OM__log__rolling,PCA,HAR+Macro+Option,individual,155,0.00246590939117496,-1.16652826971998,0.243400925665319,0.12170046283266,""
120,rf__HAR__log__rolling,Random Forest,HAR,individual,155,0.0106205644845483,-0.983084663267927,0.325565771867958,0.162782885933979,""
120,rf__HAR_O__log__rolling,Random Forest,HAR+Option,individual,155,0.0111112900563094,-1.02712722069252,0.304360562547057,0.152180281273528,""
120,rf__HAR_M__log__rolling,Random Forest,HAR+Macro,individual,155,0.0101742833068873,-0.942722252027476,0.345822988456515,0.172911494228258,""
120,rf__HAR_OM__log__rolling,Random Forest,HAR+Macro+Option,individual,155,0.0108562272488304,-1.00371670967715,0.315515180555258,0.157757590277629,""
120,nn__HAR__log__rolling,Neural Network,HAR,individual,155,-0.0251487191841884,1.01008181002011,0.312456096301583,0.843771951849209,""
120,nn__HAR_O__log__rolling,Neural Network,HAR+Option,individual,155,0.00494806080861595,-0.459637763579301,0.645776248427367,0.322888124213684,""
120,nn__HAR_M__log__rolling,Neural Network,HAR+Macro,individual,155,0.00898302523007475,-0.828246346948974,0.407531001156691,0.203765500578346,""
120,nn__HAR_OM__log__rolling,Neural Network,HAR+Macro+Option,individual,155,0.0100105160118479,-0.92685084492252,0.354003981747482,0.177001990873741,""
120,combo_equal_weight_har_across_ml_har_augmented_log_rolling,Equal Weight,HAR,infoset_EW,155,0.00257317432418795,-1.00761499510749,0.313639327395559,0.156819663697779,""
120,combo_equal_weight_har_o_across_ml_har_augmented_log_rolling,Equal Weight,HAR+Option,infoset_EW,155,0.0111689933958616,-1.04864714638721,0.294340548310113,0.147170274155057,""
120,combo_equal_weight_har_m_across_ml_har_augmented_log_rolling,Equal Weight,HAR+Macro,infoset_EW,155,0.00739996629769237,-0.982216286687833,0.32599330557703,0.162996652788515,""
120,combo_equal_weight_har_om_across_ml_har_augmented_log_rolling,Equal Weight,HAR+Macro+Option,infoset_EW,155,0.0096761022455563,-1.05946617229893,0.289387527222987,0.144693763611493,""
120,combo_equal_weight_enet_across_har_augmented_datasets_log_rolling,Elastic Net EW,Multiple,method_EW,155,0.00739582050876669,-1.09510081522366,0.273472471583272,0.136736235791636,""
120,combo_equal_weight_pca_across_har_augmented_datasets_log_rolling,PCA EW,Multiple,method_EW,155,0.00086392895174529,-1.51969859156426,0.128586745755297,0.0642933728776483,*
120,combo_equal_weight_rf_across_har_augmented_datasets_log_rolling,Random Forest EW,Multiple,method_EW,155,0.010883463756135,-1.00648466238488,0.314182485954364,0.157091242977182,""
120,combo_equal_weight_nn_across_har_augmented_datasets_log_rolling,Neural Network EW,Multiple,method_EW,155,0.0093084031699801,-1.01149607259774,0.311779059903735,0.155889529951867,""
120,combo_equal_weight_all_har_augmented_ml_x_dataset_log_rolling,Equal Weight,Multiple,all_EW,155,0.00875747246009123,-1.06273147770871,0.287903741646662,0.143951870823331,""
120,stacked_enet_on_har_augmented_forecasts_log_rolling,Stacked Elastic Net,Multiple,stacked,155,0.0100569627977229,-1.03066799616073,0.302696537664674,0.151348268832337,""
120,stacked_rf_on_har_augmented_forecasts_log_rolling,Stacked Random Forest,Multiple,stacked,155,0.0110044384944463,-1.01707877149231,0.30911595811405,0.154557979057025,""
180,pca__HAR__log__rolling,PCA,HAR,individual,182,0,,,,""
180,pca__HAR_O__log__rolling,PCA,HAR+Option,individual,176,0.000151017355940451,-0.41866424868734,0.675461527365777,0.337730763682889,""
180,pca__HAR_M__log__rolling,PCA,HAR+Macro,individual,156,-0.000324430191812593,1.14383296578836,0.252692915515014,0.873653542242493,""
180,pca__HAR_OM__log__rolling,PCA,HAR+Macro+Option,individual,156,6.0678655244696e-05,-0.240208142421277,0.810168901714184,0.405084450857092,""
180,enet__HAR__log__rolling,Elastic Net,HAR,individual,182,0.00029292435154216,-1.00189173654773,0.316395884068977,0.158197942034489,""
180,enet__HAR_O__log__rolling,Elastic Net,HAR+Option,individual,176,0.00236067261289501,-1.52061414653162,0.128356694667966,0.064178347333983,*
180,enet__HAR_M__log__rolling,Elastic Net,HAR+Macro,individual,156,5.1299182155907e-05,-1.4612607732607,0.143943890539577,0.0719719452697883,*
180,enet__HAR_OM__log__rolling,Elastic Net,HAR+Macro+Option,individual,156,0.00155777723240073,-1.35495088206946,0.175433206757601,0.0877166033788003,*
180,rf__HAR__log__rolling,Random Forest,HAR,individual,182,0.00133469189650227,-0.982200775320239,0.326000945709916,0.163000472854958,""
180,rf__HAR_O__log__rolling,Random Forest,HAR+Option,individual,176,0.00206043982357966,-1.49061434402134,0.136062776165034,0.0680313880825168,*
180,rf__HAR_M__log__rolling,Random Forest,HAR+Macro,individual,156,0.00111681474581429,-0.70245730463436,0.482394019005129,0.241197009502564,""
180,rf__HAR_OM__log__rolling,Random Forest,HAR+Macro+Option,individual,156,0.00194099692775669,-1.23281649745662,0.217644234863919,0.10882211743196,""
180,nn__HAR__log__rolling,Neural Network,HAR,individual,182,0.00139614296246552,-1.0247780567659,0.30546792247599,0.152733961237995,""
180,nn__HAR_O__log__rolling,Neural Network,HAR+Option,individual,176,-0.00674125541776572,1.76087723298898,0.0782591841132502,0.960870407943375,""
180,nn__HAR_M__log__rolling,Neural Network,HAR+Macro,individual,156,-0.000667280455885268,0.441236858020853,0.659041532397566,0.670479233801217,""
180,nn__HAR_OM__log__rolling,Neural Network,HAR+Macro+Option,individual,156,0.000872061538052924,-0.479228010153817,0.631776429699798,0.315888214849899,""
180,ew_method__pca__rolling180,PCA EW,Multiple,method_EW,156,2.38204612208817e-05,-0.112351966255933,0.91054433948008,0.45527216974004,""
180,ew_method__enet__rolling180,Elastic Net EW,Multiple,method_EW,156,0.00187195148923399,-1.56200887666947,0.118285897725778,0.0591429488628888,*
180,ew_method__rf__rolling180,Random Forest EW,Multiple,method_EW,156,0.00190945489752794,-1.2190289942713,0.222833187936207,0.111416593968103,""
180,ew_method__nn__rolling180,Neural Network EW,Multiple,method_EW,156,0.00122697257742528,-0.724374982527355,0.46883555445027,0.234417777225135,""
180,ew_infoset__HAR__rolling180,Equal Weight,HAR,infoset_EW,182,0.00116012119330905,-1.09896902342652,0.271781577605072,0.135890788802536,""
180,ew_infoset__HAR_O__rolling180,Equal Weight,HAR+Option,infoset_EW,176,0.00176721183344522,-1.08762516492331,0.276760616716248,0.138380308358124,""
180,ew_infoset__HAR_M__rolling180,Equal Weight,HAR+Macro,infoset_EW,156,0.00085525979296847,-0.866112822867182,0.38642829392747,0.193214146963735,""
180,ew_infoset__HAR_OM__rolling180,Equal Weight,HAR+Macro+Option,infoset_EW,156,0.00180265798773042,-1.33262185718148,0.182655928676133,0.0913279643380665,*
180,ew_all_ml__rolling180,Equal Weight,Multiple,all_EW,156,0.00182176950439868,-1.37812660541393,0.168164202520119,0.0840821012600596,*
180,stacked_enet__ALL_ML__log__rolling,Stacked Elastic Net,Multiple,stacked,146,0.0023130294306232,-1.36024392411792,0.173752747012001,0.0868763735060007,*
180,stacked_rf__ALL_ML__log__rolling,Stacked Random Forest,Multiple,stacked,146,0.00192422774150763,-1.12810720135627,0.259274648211594,0.129637324105797,""
