forecast_id,rank_m,v_m,mcs_pvalue_tmax,rank_r,v_r,mcs_pvalue_tr,average_loss,retained_in_mcs,loss_name,subset_name,combo_name,entry_type,combo_type
combo_equal_weight_all_har_augmented_ml_x_dataset_log_rolling,1,-1.97048434347607,1,4,0.972204507476298,0.9,0.00270463595312456,TRUE,mse,combo_only,EW all ML x HAR-augmented datasets,Equal Weight Combo,EW Full Panel
stacked_rf_on_har_augmented_forecasts_log_rolling,2,-1.45303711260226,1,2,0.878691055102974,0.92,0.00249105218567406,TRUE,mse,combo_only,Stacked RF on HAR-augmented forecasts,Stacked Combo,Stacked Forecasts
stacked_enet_on_har_augmented_forecasts_log_rolling,3,-1.23292530857178,1,1,-0.878691055102974,1,0.00214439124688397,TRUE,mse,combo_only,Stacked ENET on HAR-augmented forecasts,Stacked Combo,Stacked Forecasts
combo_equal_weight_har_om_across_ml_har_augmented_log_rolling,4,-1.18870175043613,1,5,1.1681769208381,0.844,0.00251556510252443,TRUE,mse,combo_only,EW across ML: HAR + Option + Macro,Equal Weight Combo,EW Across ML Within Dataset
combo_equal_weight_pls_across_har_augmented_datasets_log_rolling,5,-1.15353203220681,1,7,1.27152169820356,0.776,0.00272240057673185,TRUE,mse,combo_only,EW PLS across HAR-augmented datasets,Equal Weight Combo,EW Across Datasets Within ML
combo_equal_weight_rf_across_har_augmented_datasets_log_rolling,6,-0.927914714029146,1,9,1.52586352243125,0.58,0.00278239450464047,TRUE,mse,combo_only,EW Random Forest across HAR-augmented datasets,Equal Weight Combo,EW Across Datasets Within ML
combo_equal_weight_pca_across_har_augmented_datasets_log_rolling,7,-0.498042212124039,1,11,2.22912774721585,0.232,0.00291700313307694,TRUE,mse,combo_only,EW PCA across HAR-augmented datasets,Equal Weight Combo,EW Across Datasets Within ML
combo_equal_weight_har_o_across_ml_har_augmented_log_rolling,8,-0.0019447147573097,1,6,1.20205290104299,0.832,0.00300962223934082,TRUE,mse,combo_only,EW across ML: HAR + Option,Equal Weight Combo,EW Across ML Within Dataset
combo_equal_weight_enet_across_har_augmented_datasets_log_rolling,9,0.782947132249708,0.818,3,0.93460084746985,0.914,0.00419633280747135,TRUE,mse,combo_only,EW Elastic Net across HAR-augmented datasets,Equal Weight Combo,EW Across Datasets Within ML
combo_equal_weight_har_across_ml_har_augmented_log_rolling,10,0.913292849383156,0.776,8,1.28473299919518,0.756,0.00339127454897654,TRUE,mse,combo_only,EW across ML: HAR,Equal Weight Combo,EW Across ML Within Dataset
combo_equal_weight_nn_across_har_augmented_datasets_log_rolling,11,1.53074741258541,0.284,10,1.68815121774844,0.484,0.00389650931460656,TRUE,mse,combo_only,EW Neural Network across HAR-augmented datasets,Equal Weight Combo,EW Across Datasets Within ML
combo_equal_weight_har_m_across_ml_har_augmented_log_rolling,12,1.6148532499881,0.258,12,2.44734237894006,0.174,0.00335489951300532,TRUE,mse,combo_only,EW across ML: HAR + Macro,Equal Weight Combo,EW Across ML Within Dataset
combo_equal_weight_all_har_augmented_ml_x_dataset_log_rolling,1,-2.93498643778462,1,5,0.954419187134754,0.942,0.277812321922258,TRUE,qlike,combo_only,EW all ML x HAR-augmented datasets,Equal Weight Combo,EW Full Panel
combo_equal_weight_enet_across_har_augmented_datasets_log_rolling,2,-2.25167664241109,1,4,0.590932288264111,0.994,0.26363104377047,TRUE,qlike,combo_only,EW Elastic Net across HAR-augmented datasets,Equal Weight Combo,EW Across Datasets Within ML
combo_equal_weight_har_om_across_ml_har_augmented_log_rolling,3,-1.74534868507542,1,2,0.51266325302285,0.996,0.261550035497359,TRUE,qlike,combo_only,EW across ML: HAR + Option + Macro,Equal Weight Combo,EW Across ML Within Dataset
combo_equal_weight_har_o_across_ml_har_augmented_log_rolling,4,-1.55282865288193,1,1,-0.51266325302285,1,0.248170755805553,TRUE,qlike,combo_only,EW across ML: HAR + Option,Equal Weight Combo,EW Across ML Within Dataset
combo_equal_weight_pls_across_har_augmented_datasets_log_rolling,5,-0.87426883455999,1,7,1.32761320976502,0.828,0.281119415408042,TRUE,qlike,combo_only,EW PLS across HAR-augmented datasets,Equal Weight Combo,EW Across Datasets Within ML
stacked_enet_on_har_augmented_forecasts_log_rolling,6,-0.87377385511719,1,3,0.51644651359266,0.996,0.268193345498206,TRUE,qlike,combo_only,Stacked ENET on HAR-augmented forecasts,Stacked Combo,Stacked Forecasts
combo_equal_weight_pca_across_har_augmented_datasets_log_rolling,7,-0.203103783201348,1,12,1.99905092563286,0.336,0.310562110116903,TRUE,qlike,combo_only,EW PCA across HAR-augmented datasets,Equal Weight Combo,EW Across Datasets Within ML
stacked_rf_on_har_augmented_forecasts_log_rolling,8,0.0916112705428176,1,6,1.29943541422214,0.844,0.319606308775125,TRUE,qlike,combo_only,Stacked RF on HAR-augmented forecasts,Stacked Combo,Stacked Forecasts
combo_equal_weight_rf_across_har_augmented_datasets_log_rolling,9,0.764030057271334,0.886,11,1.91533995139806,0.38,0.328968950796528,TRUE,qlike,combo_only,EW Random Forest across HAR-augmented datasets,Equal Weight Combo,EW Across Datasets Within ML
combo_equal_weight_nn_across_har_augmented_datasets_log_rolling,10,1.01793910007731,0.748,8,1.36978901309665,0.788,0.387631129394178,TRUE,qlike,combo_only,EW Neural Network across HAR-augmented datasets,Equal Weight Combo,EW Across Datasets Within ML
combo_equal_weight_har_across_ml_har_augmented_log_rolling,11,1.35973211690917,0.49,9,1.72817515651054,0.528,0.386834699308074,TRUE,qlike,combo_only,EW across ML: HAR,Equal Weight Combo,EW Across ML Within Dataset
combo_equal_weight_har_m_across_ml_har_augmented_log_rolling,12,1.59470837623001,0.334,10,1.83656322347719,0.44,0.454026166488492,TRUE,qlike,combo_only,EW across ML: HAR + Macro,Equal Weight Combo,EW Across ML Within Dataset
stacked_enet_on_har_augmented_forecasts_log_rolling,1,-1.29854109119637,1,2,0.915344993819626,0.916,0.00214439124688397,TRUE,mse,top10,Stacked ENET on HAR-augmented forecasts,Stacked Combo,Stacked Forecasts
pls__HAR_O__log__rolling,2,-1.25869639402035,1,1,-0.915344993819626,1,0.00194192334988647,TRUE,mse,top10,PLS: HAR + Option,Individual Model,Individual Model
stacked_rf_on_har_augmented_forecasts_log_rolling,3,-0.25099598855531,1,3,1.04442706384588,0.884,0.00249105218567406,TRUE,mse,top10,Stacked RF on HAR-augmented forecasts,Stacked Combo,Stacked Forecasts
rf__HAR_O__log__rolling,4,-0.0606792495465149,1,5,1.22051663263225,0.84,0.00251427332269342,TRUE,mse,top10,Random Forest: HAR + Option,Individual Model,Individual Model
combo_equal_weight_har_om_across_ml_har_augmented_log_rolling,5,-0.0511589899553624,1,7,1.2873214416816,0.82,0.00251556510252443,TRUE,mse,top10,EW across ML: HAR + Option + Macro,Equal Weight Combo,EW Across ML Within Dataset
enet__HAR_OM__log__rolling,6,0.47831778780118,0.946,4,1.21086724065607,0.84,0.0026211842220034,TRUE,mse,top10,Elastic Net: HAR + Option + Macro,Individual Model,Individual Model
combo_equal_weight_all_har_augmented_ml_x_dataset_log_rolling,7,1.0886668286596,0.732,6,1.23621381551902,0.838,0.00270463595312456,TRUE,mse,top10,EW all ML x HAR-augmented datasets,Equal Weight Combo,EW Full Panel
combo_equal_weight_rf_across_har_augmented_datasets_log_rolling,8,1.1953726136599,0.668,9,1.63209150628498,0.642,0.00278239450464047,TRUE,mse,top10,EW Random Forest across HAR-augmented datasets,Equal Weight Combo,EW Across Datasets Within ML
rf__HAR_OM__log__rolling,9,1.33057670470258,0.55,10,1.68014066928723,0.616,0.00276846447347281,TRUE,mse,top10,Random Forest: HAR + Option + Macro,Individual Model,Individual Model
combo_equal_weight_pls_across_har_augmented_datasets_log_rolling,10,1.33890913200352,0.546,8,1.40163405456233,0.768,0.00272240057673185,TRUE,mse,top10,EW PLS across HAR-augmented datasets,Equal Weight Combo,EW Across Datasets Within ML
combo_equal_weight_har_om_across_ml_har_augmented_log_rolling,1,-1.63465965187591,1,2,0.503364605881882,1,0.261550035497359,TRUE,qlike,top10,EW across ML: HAR + Option + Macro,Equal Weight Combo,EW Across ML Within Dataset
pls__HAR_O__log__rolling,2,-1.52138654429697,1,1,-0.503364605881882,1,0.247519270495854,TRUE,qlike,top10,PLS: HAR + Option,Individual Model,Individual Model
stacked_enet_on_har_augmented_forecasts_log_rolling,3,-0.593415490226954,1,3,0.818545223641739,0.982,0.268193345498206,TRUE,qlike,top10,Stacked ENET on HAR-augmented forecasts,Stacked Combo,Stacked Forecasts
combo_equal_weight_all_har_augmented_ml_x_dataset_log_rolling,4,-0.559648444947097,1,4,0.82100903910931,0.982,0.277812321922258,TRUE,qlike,top10,EW all ML x HAR-augmented datasets,Equal Weight Combo,EW Full Panel
combo_equal_weight_pls_across_har_augmented_datasets_log_rolling,5,-0.269132419713378,1,5,1.34305587154247,0.804,0.281119415408042,TRUE,qlike,top10,EW PLS across HAR-augmented datasets,Equal Weight Combo,EW Across Datasets Within ML
rf__HAR_O__log__rolling,6,-0.0778059364884882,1,6,1.36954135408864,0.794,0.286128020764478,TRUE,qlike,top10,Random Forest: HAR + Option,Individual Model,Individual Model
enet__HAR_OM__log__rolling,7,0.00884834009259285,1,7,1.5343397310607,0.7,0.287586084914808,TRUE,qlike,top10,Elastic Net: HAR + Option + Macro,Individual Model,Individual Model
stacked_rf_on_har_augmented_forecasts_log_rolling,8,1.03794342535173,0.724,8,1.65659621790066,0.63,0.319606308775125,TRUE,qlike,top10,Stacked RF on HAR-augmented forecasts,Stacked Combo,Stacked Forecasts
rf__HAR_OM__log__rolling,9,1.1279252327695,0.662,9,1.77457835574071,0.528,0.315994428443493,TRUE,qlike,top10,Random Forest: HAR + Option + Macro,Individual Model,Individual Model
combo_equal_weight_rf_across_har_augmented_datasets_log_rolling,10,1.19972023116704,0.602,10,1.94376331992495,0.406,0.328968950796528,TRUE,qlike,top10,EW Random Forest across HAR-augmented datasets,Equal Weight Combo,EW Across Datasets Within ML
