forecast_id,model_group,model,information_set,forecast_type,window_type,refit_frequency,target_scale,n_oos,mse,rmse,rmse_har,rmse_gain_vs_har,qlike,qlike_har,qlike_gain_vs_har,r2_oos_vs_har,notes,combination_members,utility_gain,wealth_gain,members,rank_r2_oos,rank_qlike
ew_method__rf__rolling60,Combination,Random Forest EW,Multiple,method_EW,rolling,1,log_rv,191,0.00427170792242739,0.0653583041581358,0.295275440976665,0.229917136818529,0.388163350660162,0.356930097638424,-0.0312332530217379,0.951005548883147,Rolling window = 60 months; equal weight across information sets.,rf__HAR__log__rolling | rf__HAR_M__log__rolling | rf__HAR_O__log__rolling | rf__HAR_OM__log__rolling,0.00307140449017206,-0.156415474224461,4,1,13
rf__HAR_O__log__rolling,ML,Random Forest,HAR+Option,individual,rolling,1,log_rv,211,0.0040366337450677,0.0635345083011406,0.281888037009502,0.218353528708361,0.348524554146493,0.36024343389508,0.0117188797485865,0.949199725874028,Rolling window = 60 months; monthly refit.,,0.00281557251525309,-0.165170654675693,1,2,8
rf__HAR_OM__log__rolling,ML,Random Forest,HAR+Macro+Option,individual,rolling,1,log_rv,191,0.00472262614521386,0.0687213660022402,0.295275440976665,0.226554074974425,0.419070031776834,0.356930097638424,-0.0621399341384091,0.945833732077036,Rolling window = 60 months; monthly refit.,,0.00133867507677328,-0.198115552987755,1,3,19
stacked_rf__ALL_ML__log__rolling,Stacked,Stacked Random Forest,Multiple,stacked,rolling,1,log_rv,266,0.00362960646534657,0.0602462153611874,0.251669823615082,0.191423608253895,0.368219286438263,0.330179119824295,-0.0380401666139677,0.942694375410555,Stacked with Random Forest; meta-window=60; min_history=36,enet__HAR__log__rolling | enet__HAR_M__log__rolling | nn__HAR__log__rolling | nn__HAR_M__log__rolling | pca__HAR__log__rolling | pca__HAR_M__log__rolling | rf__HAR__log__rolling | rf__HAR_M__log__rolling,0.00171024844895822,-0.0132805701996057,8,4,10
ew_method__nn__rolling60,Combination,Neural Network EW,Multiple,method_EW,rolling,1,log_rv,191,0.00504349284491573,0.0710175530760933,0.295275440976665,0.224257887900572,0.387482144794767,0.356930097638424,-0.0305520471563424,0.942153544171156,Rolling window = 60 months; equal weight across information sets.,nn__HAR__log__rolling | nn__HAR_M__log__rolling | nn__HAR_O__log__rolling | nn__HAR_OM__log__rolling,0.00108348746364045,-0.213373055162874,4,5,12
nn__HAR_OM__log__rolling,ML,Neural Network,HAR+Macro+Option,individual,rolling,1,log_rv,191,0.00513748680178196,0.0716762638659547,0.295275440976665,0.22359917711071,0.433128292951366,0.356930097638424,-0.076198195312942,0.941075478346293,Rolling window = 60 months; monthly refit.,,0.00939972252011865,0.0314143375786675,1,6,22
nn__HAR_M__log__rolling,ML,Neural Network,HAR+Macro,individual,rolling,1,log_rv,276,0.00721003065302849,0.0849118993606225,0.254188541855328,0.169276642494706,0.684384524509073,0.414356305403575,-0.270028219105498,0.888410027265593,Rolling window = 60 months; monthly refit.,,0.00316219952874181,0.303762525445211,1,7,26
rf__HAR__log__rolling,ML,Random Forest,HAR,individual,rolling,1,log_rv,302,0.00694467720999704,0.0833347299149463,0.243796863126124,0.160462133211178,0.422281503345198,0.406549027782391,-0.0157324755628072,0.883158845992069,Rolling window = 60 months; monthly refit.,,0.00287299947487414,0.168010648591883,1,8,20
rf__HAR_M__log__rolling,ML,Random Forest,HAR+Macro,individual,rolling,1,log_rv,276,0.00775240907991852,0.0880477658996441,0.254188541855328,0.166140775955684,0.582271887389619,0.414356305403575,-0.167915581986044,0.880015611654757,Rolling window = 60 months; monthly refit.,,-0.00184662465385676,0.00136216732503991,1,9,25
ew_infoset__HAR_OM__rolling60,Combination,Equal Weight,HAR+Macro+Option,infoset_EW,rolling,1,log_rv,191,0.0112254502396027,0.105950225292836,0.295275440976665,0.189325215683829,0.283227751321283,0.356930097638424,0.0737023463171412,0.871249443310172,Rolling window = 60 months; equal weight across ML methods.,enet__HAR_OM__log__rolling | nn__HAR_OM__log__rolling | pca__HAR_OM__log__rolling | rf__HAR_OM__log__rolling,0.00376910546519299,-0.167017732556651,4,10,2
ew_infoset__HAR_O__rolling60,Combination,Equal Weight,HAR+Option,infoset_EW,rolling,1,log_rv,211,0.0117463210487636,0.108380445878228,0.281888037009502,0.173507591131273,0.27464257781498,0.36024343389508,0.0856008560800994,0.852174765674994,Rolling window = 60 months; equal weight across ML methods.,enet__HAR_O__log__rolling | nn__HAR_O__log__rolling | pca__HAR_O__log__rolling | rf__HAR_O__log__rolling,0.00101386717802632,-0.237900673607552,4,11,1
nn__HAR_O__log__rolling,ML,Neural Network,HAR+Option,individual,rolling,1,log_rv,211,0.011803589154569,0.108644324078936,0.281888037009502,0.173243712930565,1.16489105272209,0.36024343389508,-0.80464761882701,0.851454057367696,Rolling window = 60 months; monthly refit.,,-0.00963830806093913,-0.351966471980915,1,12,27
stacked_enet__ALL_ML__log__rolling,Stacked,Stacked Elastic Net,Multiple,stacked,rolling,1,log_rv,266,0.0107938848519539,0.103893622768455,0.251669823615082,0.147776200846628,0.356353889664886,0.330179119824295,-0.0261747698405912,0.829581989371757,Stacked with Elastic Net; meta-window=60; min_history=36,enet__HAR__log__rolling | enet__HAR_M__log__rolling | nn__HAR__log__rolling | nn__HAR_M__log__rolling | pca__HAR__log__rolling | pca__HAR_M__log__rolling | rf__HAR__log__rolling | rf__HAR_M__log__rolling,0.00251347585732162,-0.00684787495236083,8,13,9
ew_all_ml__rolling60,Combination,Equal Weight,Multiple,all_EW,rolling,1,log_rv,191,0.0162219392120347,0.127365376818171,0.295275440976665,0.167910064158494,0.283985292610554,0.356930097638424,0.0729448050278702,0.813942099465229,Rolling window = 60 months; equal weight across all ML forecasts.,enet__HAR__log__rolling | enet__HAR_M__log__rolling | enet__HAR_O__log__rolling | enet__HAR_OM__log__rolling | nn__HAR__log__rolling | nn__HAR_M__log__rolling | nn__HAR_O__log__rolling | nn__HAR_OM__log__rolling | pca__HAR__log__rolling | pca__HAR_M__log__rolling | pca__HAR_O__log__rolling | pca__HAR_OM__log__rolling | rf__HAR__log__rolling | rf__HAR_M__log__rolling | rf__HAR_O__log__rolling | rf__HAR_OM__log__rolling,0.00293721573729634,-0.192245131356444,16,14,3
ew_infoset__HAR__rolling60,Combination,Equal Weight,HAR,infoset_EW,rolling,1,log_rv,302,0.0154442685154366,0.124274971395839,0.243796863126124,0.119521891730285,0.433574497752503,0.406549027782391,-0.0270254699701118,0.740156942995952,Rolling window = 60 months; equal weight across ML methods.,enet__HAR__log__rolling | nn__HAR__log__rolling | pca__HAR__log__rolling | rf__HAR__log__rolling,0.00048532895758778,0.0357455495273333,4,15,23
nn__HAR__log__rolling,ML,Neural Network,HAR,individual,rolling,1,log_rv,302,0.0155233356113578,0.124592678803202,0.243796863126124,0.119204184322923,1.17720698390918,0.406549027782391,-0.770657956126784,0.738826673718903,Rolling window = 60 months; monthly refit.,,-0.00297149908780784,0.0337477661932846,1,16,28
enet__HAR_OM__log__rolling,ML,Elastic Net,HAR+Macro+Option,individual,rolling,1,log_rv,211,0.0226538096556926,0.150511825634043,0.28128503041405,0.130773204780007,0.41677447318408,0.354245662647942,-0.0625288105361375,0.713682425314938,Rolling window = 60 months; monthly refit.,,0.000763954864394876,-0.168417995385274,1,17,17
enet__HAR_O__log__rolling,ML,Elastic Net,HAR+Option,individual,rolling,1,log_rv,231,0.0219583705308151,0.148183570380846,0.269744157169919,0.121560586789073,0.328497843266715,0.357504548578522,0.0290067053118069,0.698216134897527,Rolling window = 60 months; monthly refit.,,0.00049803033052347,-0.179815576942813,1,18,7
enet__HAR__log__rolling,ML,Elastic Net,HAR,individual,rolling,1,log_rv,302,0.0203826971728394,0.142767983710773,0.243796863126124,0.101028879415352,0.453639738038107,0.406549027782391,-0.0470907102557158,0.657070042644967,Rolling window = 60 months; monthly refit.,,0.000733534676104018,0.0386063556016321,1,19,24
ew_method__enet__rolling60,Combination,Elastic Net EW,Multiple,method_EW,rolling,1,log_rv,211,0.0291130893050649,0.170625582211651,0.28128503041405,0.110659448202399,0.291486400481736,0.354245662647942,0.0627592621662064,0.632044709119325,Rolling window = 60 months; equal weight across information sets.,enet__HAR__log__rolling | enet__HAR_M__log__rolling | enet__HAR_O__log__rolling | enet__HAR_OM__log__rolling,0.00243366072787694,-0.139048955558925,4,20,4
ew_infoset__HAR_M__rolling60,Combination,Equal Weight,HAR+Macro,infoset_EW,rolling,1,log_rv,276,0.0254607194313458,0.15956415459415,0.254188541855328,0.0946243872611785,0.401150236508217,0.414356305403575,0.0132060688953577,0.605943285976342,Rolling window = 60 months; equal weight across ML methods.,enet__HAR_M__log__rolling | nn__HAR_M__log__rolling | pca__HAR_M__log__rolling | rf__HAR_M__log__rolling,0.000226607090074663,0.0360370175727223,4,21,14
pca__HAR_O__log__rolling,ML,PCA,HAR+Option,individual,rolling,1,log_rv,226,0.054551357519312,0.233562320418581,0.272700214987212,0.039137894568631,0.321221542335237,0.363833810591403,0.0426122682561654,0.266441756542319,Rolling window = 60 months; monthly refit.,,-0.000174252865337399,-0.223016907114248,1,22,6
pca__HAR_OM__log__rolling,ML,PCA,HAR+Macro+Option,individual,rolling,1,log_rv,206,0.06417038016099,0.253318732353117,0.284666116573038,0.0313473842199213,0.36920018510757,0.361110316945312,-0.00808986816225821,0.208113282141333,Rolling window = 60 months; monthly refit.,,-0.00136549269669337,-0.246783348568183,1,23,11
har_ols__HAR__log__rolling,Benchmark,OLS HAR,HAR,individual,rolling,1,log_rv,302,0.0594369104701382,0.243796863126124,0.243796863126124,0,0.406549027782391,0.406549027782391,0,0,Rolling window = 60 months; monthly refit.,,0,0,1,24,15
pca__HAR__log__rolling,ML,PCA,HAR,individual,rolling,1,log_rv,302,0.0594369104701382,0.243796863126124,0.243796863126124,0,0.406549027782391,0.406549027782391,0,0,Rolling window = 60 months; monthly refit.,,0,0,1,24,15
ew_method__pca__rolling60,Combination,PCA EW,Multiple,method_EW,rolling,1,log_rv,206,0.0824290853765129,0.287104659273431,0.284666116573038,-0.00243854270039301,0.302071635537827,0.361110316945312,0.0590386814074849,-0.0172060335491031,Rolling window = 60 months; equal weight across information sets.,pca__HAR__log__rolling | pca__HAR_M__log__rolling | pca__HAR_O__log__rolling | pca__HAR_OM__log__rolling,0.00106351100043688,-0.196114189447094,4,26,5
enet__HAR_M__log__rolling,ML,Elastic Net,HAR+Macro,individual,rolling,1,log_rv,276,0.0698386474286299,0.26427002748823,0.254188541855328,-0.0100814856329018,0.417886786008583,0.414356305403575,-0.00353048060500794,-0.0808959264403677,Rolling window = 60 months; monthly refit.,,0.00127795836819791,0.063208692556388,1,27,18
pca__HAR_M__log__rolling,ML,PCA,HAR+Macro,individual,rolling,1,log_rv,276,0.115377866860019,0.339673176538889,0.254188541855328,-0.0854846346835606,0.423316979719652,0.414356305403575,-0.00896067431607644,-0.785708499263535,Rolling window = 60 months; monthly refit.,,0.00026917391400395,0.017917268530693,1,28,21
