location,name,freq,weighting,direction,n_stocks,n_stocks_min,date,ret
usa,mkt,monthly,vw_cap,na,489,na,1926-01-31,0.0010372236
usa,mkt,monthly,vw_cap,na,494,na,1926-02-28,-0.046911686
usa,mkt,monthly,vw_cap,na,500,na,1926-03-31,-0.079125916
usa,mkt,monthly,vw_cap,na,505,na,1926-04-30,0.0340923305
usa,mkt,monthly,vw_cap,na,507,na,1926-05-31,0.0092145127
usa,mkt,monthly,vw_cap,na,513,na,1926-06-30,0.0511265538
usa,mkt,monthly,vw_cap,na,503,na,1926-07-31,0.0221976695
usa,mkt,monthly,vw_cap,na,509,na,1926-08-31,0.0205562766
usa,mkt,monthly,vw_cap,na,520,na,1926-09-30,-0.005109351
usa,mkt,monthly,vw_cap,na,518,na,1926-10-31,-0.034136975
usa,mkt,monthly,vw_cap,na,523,na,1926-11-30,0.0287088195
usa,mkt,monthly,vw_cap,na,526,na,1926-12-31,0.0252468528
usa,mkt,monthly,vw_cap,na,529,na,1927-01-31,0.0038410904
usa,mkt,monthly,vw_cap,na,531,na,1927-02-28,0.0461671235
usa,mkt,monthly,vw_cap,na,534,na,1927-03-31,-0.010057822
usa,mkt,monthly,vw_cap,na,535,na,1927-04-30,0.0014511367
usa,mkt,monthly,vw_cap,na,538,na,1927-05-31,0.0588181875
usa,mkt,monthly,vw_cap,na,544,na,1927-06-30,-0.025435009
usa,mkt,monthly,vw_cap,na,548,na,1927-07-31,0.060257788
usa,mkt,monthly,vw_cap,na,545,na,1927-08-31,0.0101637562
usa,mkt,monthly,vw_cap,na,553,na,1927-09-30,0.0446066018
usa,mkt,monthly,vw_cap,na,566,na,1927-10-31,-0.038458426
usa,mkt,monthly,vw_cap,na,567,na,1927-11-30,0.0713587793
usa,mkt,monthly,vw_cap,na,571,na,1927-12-31,0.0286016254
usa,mkt,monthly,vw_cap,na,574,na,1928-01-31,0.0039636697
usa,mkt,monthly,vw_cap,na,576,na,1928-02-29,-0.026874415
usa,mkt,monthly,vw_cap,na,573,na,1928-03-31,0.073373727
usa,mkt,monthly,vw_cap,na,572,na,1928-04-30,0.0501689232
usa,mkt,monthly,vw_cap,na,575,na,1928-05-31,0.01636407
usa,mkt,monthly,vw_cap,na,576,na,1928-06-30,-0.058663017
usa,mkt,monthly,vw_cap,na,577,na,1928-07-31,0.00718556
usa,mkt,monthly,vw_cap,na,586,na,1928-08-31,0.0675981502
usa,mkt,monthly,vw_cap,na,590,na,1928-09-30,0.0389457101
usa,mkt,monthly,vw_cap,na,595,na,1928-10-31,0.0120805374
usa,mkt,monthly,vw_cap,na,600,na,1928-11-30,0.113120983
usa,mkt,monthly,vw_cap,na,603,na,1928-12-31,0.0048554018
usa,mkt,monthly,vw_cap,na,606,na,1929-01-31,0.0416136189
usa,mkt,monthly,vw_cap,na,613,na,1929-02-28,-0.000751555
usa,mkt,monthly,vw_cap,na,617,na,1929-03-31,-0.02522297
usa,mkt,monthly,vw_cap,na,624,na,1929-04-30,0.0108922382
usa,mkt,monthly,vw_cap,na,637,na,1929-05-31,-0.066249246
usa,mkt,monthly,vw_cap,na,650,na,1929-06-30,0.0851197533
usa,mkt,monthly,vw_cap,na,652,na,1929-07-31,0.0316236936
usa,mkt,monthly,vw_cap,na,663,na,1929-08-31,0.0562904508
usa,mkt,monthly,vw_cap,na,674,na,1929-09-30,-0.043908414
usa,mkt,monthly,vw_cap,na,663,na,1929-10-31,-0.202428726
usa,mkt,monthly,vw_cap,na,668,na,1929-11-30,-0.124355852
usa,mkt,monthly,vw_cap,na,689,na,1929-12-31,0.0057902131
usa,mkt,monthly,vw_cap,na,700,na,1930-01-31,0.0610571178
usa,mkt,monthly,vw_cap,na,703,na,1930-02-28,0.024935195
usa,mkt,monthly,vw_cap,na,706,na,1930-03-31,0.0695932704
usa,mkt,monthly,vw_cap,na,713,na,1930-04-30,-0.034412693
usa,mkt,monthly,vw_cap,na,719,na,1930-05-31,-0.024151702
usa,mkt,monthly,vw_cap,na,698,na,1930-06-30,-0.171722325
usa,mkt,monthly,vw_cap,na,704,na,1930-07-31,0.0397390676
usa,mkt,monthly,vw_cap,na,713,na,1930-08-31,-0.006256421
usa,mkt,monthly,vw_cap,na,705,na,1930-09-30,-0.137649921
usa,mkt,monthly,vw_cap,na,704,na,1930-10-31,-0.098271895
usa,mkt,monthly,vw_cap,na,707,na,1930-11-30,-0.025620113
usa,mkt,monthly,vw_cap,na,703,na,1930-12-31,-0.100624611
usa,mkt,monthly,vw_cap,na,707,na,1931-01-31,0.0845392346
usa,mkt,monthly,vw_cap,na,708,na,1931-02-28,0.1201097413
usa,mkt,monthly,vw_cap,na,709,na,1931-03-31,-0.071869106
usa,mkt,monthly,vw_cap,na,704,na,1931-04-30,-0.124731192
usa,mkt,monthly,vw_cap,na,707,na,1931-05-31,-0.146677603
usa,mkt,monthly,vw_cap,na,709,na,1931-06-30,0.1611674811
usa,mkt,monthly,vw_cap,na,709,na,1931-07-31,-0.072338553
usa,mkt,monthly,vw_cap,na,704,na,1931-08-31,-0.000756433
usa,mkt,monthly,vw_cap,na,696,na,1931-09-30,-0.308481413
usa,mkt,monthly,vw_cap,na,697,na,1931-10-31,0.0920931602
usa,mkt,monthly,vw_cap,na,704,na,1931-11-30,-0.094984274
usa,mkt,monthly,vw_cap,na,698,na,1931-12-31,-0.153254117
usa,mkt,monthly,vw_cap,na,703,na,1932-01-31,0.0213725973
usa,mkt,monthly,vw_cap,na,707,na,1932-02-29,0.0345109279
usa,mkt,monthly,vw_cap,na,703,na,1932-03-31,-0.114776716
usa,mkt,monthly,vw_cap,na,694,na,1932-04-30,-0.173351088
usa,mkt,monthly,vw_cap,na,687,na,1932-05-31,-0.23201088
usa,mkt,monthly,vw_cap,na,684,na,1932-06-30,0.0250866057
usa,mkt,monthly,vw_cap,na,689,na,1932-07-31,0.3987676864
usa,mkt,monthly,vw_cap,na,695,na,1932-08-31,0.4638980134
usa,mkt,monthly,vw_cap,na,692,na,1932-09-30,-0.038970101
usa,mkt,monthly,vw_cap,na,694,na,1932-10-31,-0.153254886
usa,mkt,monthly,vw_cap,na,690,na,1932-11-30,-0.067806229
usa,mkt,monthly,vw_cap,na,685,na,1932-12-31,0.0182987145
usa,mkt,monthly,vw_cap,na,688,na,1933-01-31,0.0216741236
usa,mkt,monthly,vw_cap,na,689,na,1933-02-28,-0.157492877
usa,mkt,monthly,vw_cap,na,680,na,1933-03-31,0.0683108548
usa,mkt,monthly,vw_cap,na,677,na,1933-04-30,0.4626183278
usa,mkt,monthly,vw_cap,na,679,na,1933-05-31,0.3016593662
usa,mkt,monthly,vw_cap,na,677,na,1933-06-30,0.1517420426
usa,mkt,monthly,vw_cap,na,680,na,1933-07-31,-0.110140775
usa,mkt,monthly,vw_cap,na,676,na,1933-08-31,0.1381139647
usa,mkt,monthly,vw_cap,na,678,na,1933-09-30,-0.121175224
usa,mkt,monthly,vw_cap,na,686,na,1933-10-31,-0.093662573
usa,mkt,monthly,vw_cap,na,685,na,1933-11-30,0.0815722434
usa,mkt,monthly,vw_cap,na,686,na,1933-12-31,0.0210735609
usa,mkt,monthly,vw_cap,na,688,na,1934-01-31,0.1800243068
usa,mkt,monthly,vw_cap,na,689,na,1934-02-28,-0.019308159
usa,mkt,monthly,vw_cap,na,689,na,1934-03-31,0.0084522706
usa,mkt,monthly,vw_cap,na,689,na,1934-04-30,-0.013317437
usa,mkt,monthly,vw_cap,na,692,na,1934-05-31,-0.085061769
usa,mkt,monthly,vw_cap,na,690,na,1934-06-30,0.0275448905
usa,mkt,monthly,vw_cap,na,685,na,1934-07-31,-0.143841661
usa,mkt,monthly,vw_cap,na,685,na,1934-08-31,0.0688356348
usa,mkt,monthly,vw_cap,na,692,na,1934-09-30,-0.00651819
usa,mkt,monthly,vw_cap,na,690,na,1934-10-31,-0.012356155
usa,mkt,monthly,vw_cap,na,689,na,1934-11-30,0.1008932143
usa,mkt,monthly,vw_cap,na,691,na,1934-12-31,0.0092930888
usa,mkt,monthly,vw_cap,na,691,na,1935-01-31,-0.040226408
usa,mkt,monthly,vw_cap,na,684,na,1935-02-28,-0.025309532
usa,mkt,monthly,vw_cap,na,677,na,1935-03-31,-0.046478938
usa,mkt,monthly,vw_cap,na,683,na,1935-04-30,0.088441489
usa,mkt,monthly,vw_cap,na,688,na,1935-05-31,0.0307313951
usa,mkt,monthly,vw_cap,na,690,na,1935-06-30,0.0631420503
usa,mkt,monthly,vw_cap,na,680,na,1935-07-31,0.0795774384
usa,mkt,monthly,vw_cap,na,684,na,1935-08-31,0.0291239061
usa,mkt,monthly,vw_cap,na,688,na,1935-09-30,0.0222324311
usa,mkt,monthly,vw_cap,na,692,na,1935-10-31,0.0765504545
usa,mkt,monthly,vw_cap,na,690,na,1935-11-30,0.0622121369
usa,mkt,monthly,vw_cap,na,693,na,1935-12-31,0.0594555696
usa,mkt,monthly,vw_cap,na,701,na,1936-01-31,0.0790965457
usa,mkt,monthly,vw_cap,na,701,na,1936-02-29,0.0313507661
usa,mkt,monthly,vw_cap,na,699,na,1936-03-31,0.0046408701
usa,mkt,monthly,vw_cap,na,703,na,1936-04-30,-0.094602895
usa,mkt,monthly,vw_cap,na,714,na,1936-05-31,0.0497484047
usa,mkt,monthly,vw_cap,na,713,na,1936-06-30,0.0110304137
usa,mkt,monthly,vw_cap,na,716,na,1936-07-31,0.0708937656
usa,mkt,monthly,vw_cap,na,717,na,1936-08-31,0.0166453896
usa,mkt,monthly,vw_cap,na,718,na,1936-09-30,0.0191033249
usa,mkt,monthly,vw_cap,na,716,na,1936-10-31,0.0601891417
usa,mkt,monthly,vw_cap,na,717,na,1936-11-30,0.0514060924
usa,mkt,monthly,vw_cap,na,726,na,1936-12-31,0.01556267
usa,mkt,monthly,vw_cap,na,725,na,1937-01-31,0.0424095001
usa,mkt,monthly,vw_cap,na,733,na,1937-02-28,0.0180116079
usa,mkt,monthly,vw_cap,na,735,na,1937-03-31,0.002036768
usa,mkt,monthly,vw_cap,na,740,na,1937-04-30,-0.083249456
usa,mkt,monthly,vw_cap,na,744,na,1937-05-31,-0.018382355
usa,mkt,monthly,vw_cap,na,745,na,1937-06-30,-0.053473276
usa,mkt,monthly,vw_cap,na,751,na,1937-07-31,0.0925595774
usa,mkt,monthly,vw_cap,na,755,na,1937-08-31,-0.048397927
usa,mkt,monthly,vw_cap,na,764,na,1937-09-30,-0.167675393
usa,mkt,monthly,vw_cap,na,766,na,1937-10-31,-0.09883164
usa,mkt,monthly,vw_cap,na,769,na,1937-11-30,-0.090268822
usa,mkt,monthly,vw_cap,na,763,na,1937-12-31,-0.062756153
usa,mkt,monthly,vw_cap,na,765,na,1938-01-31,0.0143169616
usa,mkt,monthly,vw_cap,na,769,na,1938-02-28,0.0707911843
usa,mkt,monthly,vw_cap,na,764,na,1938-03-31,-0.257364663
usa,mkt,monthly,vw_cap,na,766,na,1938-04-30,0.1707790236
usa,mkt,monthly,vw_cap,na,773,na,1938-05-31,-0.054113534
usa,mkt,monthly,vw_cap,na,775,na,1938-06-30,0.2729217286
usa,mkt,monthly,vw_cap,na,771,na,1938-07-31,0.0919758027
usa,mkt,monthly,vw_cap,na,767,na,1938-08-31,-0.040285653
usa,mkt,monthly,vw_cap,na,770,na,1938-09-30,-0.003363762
usa,mkt,monthly,vw_cap,na,766,na,1938-10-31,0.1123212622
usa,mkt,monthly,vw_cap,na,765,na,1938-11-30,-0.02230277
usa,mkt,monthly,vw_cap,na,761,na,1938-12-31,0.0484481908
usa,mkt,monthly,vw_cap,na,763,na,1939-01-31,-0.072346084
usa,mkt,monthly,vw_cap,na,764,na,1939-02-28,0.0416902355
usa,mkt,monthly,vw_cap,na,765,na,1939-03-31,-0.153789951
usa,mkt,monthly,vw_cap,na,762,na,1939-04-30,-0.000145767
usa,mkt,monthly,vw_cap,na,763,na,1939-05-31,0.082249085
usa,mkt,monthly,vw_cap,na,762,na,1939-06-30,-0.067401217
usa,mkt,monthly,vw_cap,na,762,na,1939-07-31,0.120483792
usa,mkt,monthly,vw_cap,na,765,na,1939-08-31,-0.091776635
usa,mkt,monthly,vw_cap,na,763,na,1939-09-30,0.2158128669
usa,mkt,monthly,vw_cap,na,763,na,1939-10-31,-0.000351181
usa,mkt,monthly,vw_cap,na,763,na,1939-11-30,-0.055501615
usa,mkt,monthly,vw_cap,na,764,na,1939-12-31,0.030446838
usa,mkt,monthly,vw_cap,na,765,na,1940-01-31,-0.022564381
usa,mkt,monthly,vw_cap,na,771,na,1940-02-29,0.0181662201
usa,mkt,monthly,vw_cap,na,771,na,1940-03-31,0.0238093144
usa,mkt,monthly,vw_cap,na,774,na,1940-04-30,0.0051833222
usa,mkt,monthly,vw_cap,na,771,na,1940-05-31,-0.248606052
usa,mkt,monthly,vw_cap,na,773,na,1940-06-30,0.0684727646
usa,mkt,monthly,vw_cap,na,775,na,1940-07-31,0.0360384625
usa,mkt,monthly,vw_cap,na,775,na,1940-08-31,0.024290518
usa,mkt,monthly,vw_cap,na,773,na,1940-09-30,0.0302462237
usa,mkt,monthly,vw_cap,na,776,na,1940-10-31,0.0467569034
usa,mkt,monthly,vw_cap,na,778,na,1940-11-30,-0.009205265
usa,mkt,monthly,vw_cap,na,779,na,1940-12-31,-0.001205296
usa,mkt,monthly,vw_cap,na,779,na,1941-01-31,-0.034650124
usa,mkt,monthly,vw_cap,na,779,na,1941-02-28,-0.017066501
usa,mkt,monthly,vw_cap,na,781,na,1941-03-31,0.0094481443
usa,mkt,monthly,vw_cap,na,784,na,1941-04-30,-0.05157904
usa,mkt,monthly,vw_cap,na,785,na,1941-05-31,0.0103702597
usa,mkt,monthly,vw_cap,na,785,na,1941-06-30,0.0588913369
usa,mkt,monthly,vw_cap,na,784,na,1941-07-31,0.0876478019
usa,mkt,monthly,vw_cap,na,785,na,1941-08-31,-0.003527147
usa,mkt,monthly,vw_cap,na,785,na,1941-09-30,-0.011606776
usa,mkt,monthly,vw_cap,na,788,na,1941-10-31,-0.056360782
usa,mkt,monthly,vw_cap,na,786,na,1941-11-30,-0.02233986
usa,mkt,monthly,vw_cap,na,787,na,1941-12-31,-0.052357134
usa,mkt,monthly,vw_cap,na,788,na,1942-01-31,0.0432337897
usa,mkt,monthly,vw_cap,na,790,na,1942-02-28,-0.02146563
usa,mkt,monthly,vw_cap,na,788,na,1942-03-31,-0.059095266
usa,mkt,monthly,vw_cap,na,790,na,1942-04-30,-0.048122956
usa,mkt,monthly,vw_cap,na,793,na,1942-05-31,0.0453768798
usa,mkt,monthly,vw_cap,na,794,na,1942-06-30,0.0266316398
usa,mkt,monthly,vw_cap,na,791,na,1942-07-31,0.0417325839
usa,mkt,monthly,vw_cap,na,793,na,1942-08-31,0.0203133334
usa,mkt,monthly,vw_cap,na,794,na,1942-09-30,0.028799284
usa,mkt,monthly,vw_cap,na,793,na,1942-10-31,0.0790162011
usa,mkt,monthly,vw_cap,na,793,na,1942-11-30,-0.007203576
usa,mkt,monthly,vw_cap,na,791,na,1942-12-31,0.0529399345
usa,mkt,monthly,vw_cap,na,791,na,1943-01-31,0.0929876342
usa,mkt,monthly,vw_cap,na,793,na,1943-02-28,0.074662483
usa,mkt,monthly,vw_cap,na,793,na,1943-03-31,0.0898129769
usa,mkt,monthly,vw_cap,na,793,na,1943-04-30,0.015560865
usa,mkt,monthly,vw_cap,na,792,na,1943-05-31,0.0618493306
usa,mkt,monthly,vw_cap,na,790,na,1943-06-30,0.0135778355
usa,mkt,monthly,vw_cap,na,790,na,1943-07-31,-0.056212838
usa,mkt,monthly,vw_cap,na,795,na,1943-08-31,0.0119007531
usa,mkt,monthly,vw_cap,na,796,na,1943-09-30,0.0279929154
usa,mkt,monthly,vw_cap,na,797,na,1943-10-31,-0.007579148
usa,mkt,monthly,vw_cap,na,800,na,1943-11-30,-0.074459228
usa,mkt,monthly,vw_cap,na,801,na,1943-12-31,0.0811726822
usa,mkt,monthly,vw_cap,na,800,na,1944-01-31,0.0273637792
usa,mkt,monthly,vw_cap,na,804,na,1944-02-29,0.0051092042
usa,mkt,monthly,vw_cap,na,807,na,1944-03-31,0.0318747247
usa,mkt,monthly,vw_cap,na,808,na,1944-04-30,-0.024700242
usa,mkt,monthly,vw_cap,na,807,na,1944-05-31,0.0579024047
usa,mkt,monthly,vw_cap,na,807,na,1944-06-30,0.0743952579
usa,mkt,monthly,vw_cap,na,807,na,1944-07-31,-0.012992734
usa,mkt,monthly,vw_cap,na,810,na,1944-08-31,0.0227193585
usa,mkt,monthly,vw_cap,na,812,na,1944-09-30,-0.000658399
usa,mkt,monthly,vw_cap,na,812,na,1944-10-31,-0.000573892
usa,mkt,monthly,vw_cap,na,812,na,1944-11-30,0.0192314427
usa,mkt,monthly,vw_cap,na,812,na,1944-12-31,0.0545428025
usa,mkt,monthly,vw_cap,na,816,na,1945-01-31,0.030672847
usa,mkt,monthly,vw_cap,na,820,na,1945-02-28,0.0755349889
usa,mkt,monthly,vw_cap,na,819,na,1945-03-31,-0.045647344
usa,mkt,monthly,vw_cap,na,821,na,1945-04-30,0.0858866907
usa,mkt,monthly,vw_cap,na,823,na,1945-05-31,0.0206615376
usa,mkt,monthly,vw_cap,na,828,na,1945-06-30,0.0192705315
usa,mkt,monthly,vw_cap,na,831,na,1945-07-31,-0.031984019
usa,mkt,monthly,vw_cap,na,832,na,1945-08-31,0.0673413742
usa,mkt,monthly,vw_cap,na,833,na,1945-09-30,0.0588221559
usa,mkt,monthly,vw_cap,na,833,na,1945-10-31,0.0515749396
usa,mkt,monthly,vw_cap,na,834,na,1945-11-30,0.0784342387
usa,mkt,monthly,vw_cap,na,835,na,1945-12-31,0.017774703
usa,mkt,monthly,vw_cap,na,840,na,1946-01-31,0.0751024476
usa,mkt,monthly,vw_cap,na,849,na,1946-02-28,-0.064591086
usa,mkt,monthly,vw_cap,na,851,na,1946-03-31,0.0661381856
usa,mkt,monthly,vw_cap,na,855,na,1946-04-30,0.0443384998
usa,mkt,monthly,vw_cap,na,859,na,1946-05-31,0.0510492706
usa,mkt,monthly,vw_cap,na,866,na,1946-06-30,-0.047181979
usa,mkt,monthly,vw_cap,na,868,na,1946-07-31,-0.035424595
usa,mkt,monthly,vw_cap,na,877,na,1946-08-31,-0.066973834
usa,mkt,monthly,vw_cap,na,882,na,1946-09-30,-0.11909188
usa,mkt,monthly,vw_cap,na,884,na,1946-10-31,-0.010395208
usa,mkt,monthly,vw_cap,na,886,na,1946-11-30,-0.001374015
usa,mkt,monthly,vw_cap,na,890,na,1946-12-31,0.053286022
usa,mkt,monthly,vw_cap,na,896,na,1947-01-31,0.0138087565
usa,mkt,monthly,vw_cap,na,900,na,1947-02-28,-0.011033052
usa,mkt,monthly,vw_cap,na,900,na,1947-03-31,-0.023573257
usa,mkt,monthly,vw_cap,na,904,na,1947-04-30,-0.067834681
usa,mkt,monthly,vw_cap,na,904,na,1947-05-31,-0.024953683
usa,mkt,monthly,vw_cap,na,905,na,1947-06-30,0.0560804341
usa,mkt,monthly,vw_cap,na,909,na,1947-07-31,0.0527475383
usa,mkt,monthly,vw_cap,na,913,na,1947-08-31,-0.017586273
usa,mkt,monthly,vw_cap,na,918,na,1947-09-30,0.001850997
usa,mkt,monthly,vw_cap,na,917,na,1947-10-31,0.0267161409
usa,mkt,monthly,vw_cap,na,920,na,1947-11-30,-0.026056187
usa,mkt,monthly,vw_cap,na,925,na,1947-12-31,0.0281315305
usa,mkt,monthly,vw_cap,na,929,na,1948-01-31,-0.029866554
usa,mkt,monthly,vw_cap,na,933,na,1948-02-29,-0.051906495
usa,mkt,monthly,vw_cap,na,934,na,1948-03-31,0.0946578862
usa,mkt,monthly,vw_cap,na,938,na,1948-04-30,0.0384994764
usa,mkt,monthly,vw_cap,na,941,na,1948-05-31,0.078479881
usa,mkt,monthly,vw_cap,na,942,na,1948-06-30,-0.010590045
usa,mkt,monthly,vw_cap,na,945,na,1948-07-31,-0.052772911
usa,mkt,monthly,vw_cap,na,948,na,1948-08-31,0.0020062734
usa,mkt,monthly,vw_cap,na,948,na,1948-09-30,-0.038771433
usa,mkt,monthly,vw_cap,na,950,na,1948-10-31,0.054986536
usa,mkt,monthly,vw_cap,na,950,na,1948-11-30,-0.101213569
usa,mkt,monthly,vw_cap,na,952,na,1948-12-31,0.0254436523
usa,mkt,monthly,vw_cap,na,952,na,1949-01-31,0.0096064911
usa,mkt,monthly,vw_cap,na,956,na,1949-02-28,-0.030831148
usa,mkt,monthly,vw_cap,na,960,na,1949-03-31,0.0485855774
usa,mkt,monthly,vw_cap,na,962,na,1949-04-30,-0.026722438
usa,mkt,monthly,vw_cap,na,965,na,1949-05-31,-0.030178993
usa,mkt,monthly,vw_cap,na,966,na,1949-06-30,-0.000981189
usa,mkt,monthly,vw_cap,na,967,na,1949-07-31,0.0578751796
usa,mkt,monthly,vw_cap,na,969,na,1949-08-31,0.0237741895
usa,mkt,monthly,vw_cap,na,971,na,1949-09-30,0.0376408133
usa,mkt,monthly,vw_cap,na,976,na,1949-10-31,0.028705558
usa,mkt,monthly,vw_cap,na,978,na,1949-11-30,0.0178047979
usa,mkt,monthly,vw_cap,na,978,na,1949-12-31,0.0602968672
usa,mkt,monthly,vw_cap,na,976,na,1950-01-31,0.0253933225
usa,mkt,monthly,vw_cap,na,978,na,1950-02-28,0.013704463
usa,mkt,monthly,vw_cap,na,980,na,1950-03-31,0.0030118193
usa,mkt,monthly,vw_cap,na,983,na,1950-04-30,0.037611975
usa,mkt,monthly,vw_cap,na,982,na,1950-05-31,0.0339220087
usa,mkt,monthly,vw_cap,na,985,na,1950-06-30,-0.070234911
usa,mkt,monthly,vw_cap,na,987,na,1950-07-31,0.0279325641
usa,mkt,monthly,vw_cap,na,992,na,1950-08-31,0.046560475
usa,mkt,monthly,vw_cap,na,996,na,1950-09-30,0.0547568553
usa,mkt,monthly,vw_cap,na,1000,na,1950-10-31,-0.009009811
usa,mkt,monthly,vw_cap,na,1000,na,1950-11-30,0.0332649842
usa,mkt,monthly,vw_cap,na,999,na,1950-12-31,0.0664975369
usa,mkt,monthly,vw_cap,na,1000,na,1951-01-31,0.0646041391
usa,mkt,monthly,vw_cap,na,1002,na,1951-02-28,0.0122556739
usa,mkt,monthly,vw_cap,na,1003,na,1951-03-31,-0.029063463
usa,mkt,monthly,vw_cap,na,1006,na,1951-04-30,0.0422257201
usa,mkt,monthly,vw_cap,na,1010,na,1951-05-31,-0.022016135
usa,mkt,monthly,vw_cap,na,1011,na,1951-06-30,-0.036901837
usa,mkt,monthly,vw_cap,na,1014,na,1951-07-31,0.0712285041
usa,mkt,monthly,vw_cap,na,1013,na,1951-08-31,0.0401123961
usa,mkt,monthly,vw_cap,na,1013,na,1951-09-30,0.0185695251
usa,mkt,monthly,vw_cap,na,1014,na,1951-10-31,-0.026017454
usa,mkt,monthly,vw_cap,na,1012,na,1951-11-30,0.0094945963
usa,mkt,monthly,vw_cap,na,1017,na,1951-12-31,0.0238532321
usa,mkt,monthly,vw_cap,na,1019,na,1952-01-31,0.0173839091
usa,mkt,monthly,vw_cap,na,1021,na,1952-02-29,-0.023165477
usa,mkt,monthly,vw_cap,na,1021,na,1952-03-31,0.034837516
usa,mkt,monthly,vw_cap,na,1021,na,1952-04-30,-0.048413603
usa,mkt,monthly,vw_cap,na,1022,na,1952-05-31,0.0278868771
usa,mkt,monthly,vw_cap,na,1022,na,1952-06-30,0.0322658929
usa,mkt,monthly,vw_cap,na,1024,na,1952-07-31,0.0104367829
usa,mkt,monthly,vw_cap,na,1025,na,1952-08-31,-0.004105945
usa,mkt,monthly,vw_cap,na,1026,na,1952-09-30,-0.019201598
usa,mkt,monthly,vw_cap,na,1033,na,1952-10-31,-0.011459237
usa,mkt,monthly,vw_cap,na,1033,na,1952-11-30,0.0589461883
usa,mkt,monthly,vw_cap,na,1032,na,1952-12-31,0.0252108891
usa,mkt,monthly,vw_cap,na,1033,na,1953-01-31,0.0067324537
usa,mkt,monthly,vw_cap,na,1032,na,1953-02-28,0.0027161478
usa,mkt,monthly,vw_cap,na,1031,na,1953-03-31,-0.011506595
usa,mkt,monthly,vw_cap,na,1033,na,1953-04-30,-0.027854168
usa,mkt,monthly,vw_cap,na,1029,na,1953-05-31,0.0041874729
usa,mkt,monthly,vw_cap,na,1033,na,1953-06-30,-0.026865184
usa,mkt,monthly,vw_cap,na,1033,na,1953-07-31,0.0199457184
usa,mkt,monthly,vw_cap,na,1033,na,1953-08-31,-0.047829429
usa,mkt,monthly,vw_cap,na,1030,na,1953-09-30,-0.002724426
usa,mkt,monthly,vw_cap,na,1029,na,1953-10-31,0.0422689501
usa,mkt,monthly,vw_cap,na,1030,na,1953-11-30,0.0257762759
usa,mkt,monthly,vw_cap,na,1034,na,1953-12-31,-0.004730788
usa,mkt,monthly,vw_cap,na,1033,na,1954-01-31,0.0586062198
usa,mkt,monthly,vw_cap,na,1033,na,1954-02-28,0.0162205334
usa,mkt,monthly,vw_cap,na,1033,na,1954-03-31,0.0327643525
usa,mkt,monthly,vw_cap,na,1032,na,1954-04-30,0.0250825416
usa,mkt,monthly,vw_cap,na,1032,na,1954-05-31,0.0391245912
usa,mkt,monthly,vw_cap,na,1033,na,1954-06-30,0.0116363988
usa,mkt,monthly,vw_cap,na,1034,na,1954-07-31,0.0611939137
usa,mkt,monthly,vw_cap,na,1035,na,1954-08-31,-0.020621646
usa,mkt,monthly,vw_cap,na,1036,na,1954-09-30,0.0478263382
usa,mkt,monthly,vw_cap,na,1034,na,1954-10-31,-0.010109231
usa,mkt,monthly,vw_cap,na,1035,na,1954-11-30,0.0962461284
usa,mkt,monthly,vw_cap,na,1034,na,1954-12-31,0.0657176625
usa,mkt,monthly,vw_cap,na,1038,na,1955-01-31,0.0068452467
usa,mkt,monthly,vw_cap,na,1040,na,1955-02-28,0.0369895745
usa,mkt,monthly,vw_cap,na,1038,na,1955-03-31,0.0010873949
usa,mkt,monthly,vw_cap,na,1036,na,1955-04-30,0.0231970784
usa,mkt,monthly,vw_cap,na,1035,na,1955-05-31,0.0101743939
usa,mkt,monthly,vw_cap,na,1037,na,1955-06-30,0.0400708217
usa,mkt,monthly,vw_cap,na,1038,na,1955-07-31,0.0032586509
usa,mkt,monthly,vw_cap,na,1038,na,1955-08-31,0.0072732286
usa,mkt,monthly,vw_cap,na,1036,na,1955-09-30,-0.015523789
usa,mkt,monthly,vw_cap,na,1033,na,1955-10-31,-0.0221757
usa,mkt,monthly,vw_cap,na,1038,na,1955-11-30,0.0621614837
usa,mkt,monthly,vw_cap,na,1037,na,1955-12-31,0.0183613911
usa,mkt,monthly,vw_cap,na,1037,na,1956-01-31,-0.028943919
usa,mkt,monthly,vw_cap,na,1038,na,1956-02-29,0.0352376972
usa,mkt,monthly,vw_cap,na,1039,na,1956-03-31,0.059793829
usa,mkt,monthly,vw_cap,na,1042,na,1956-04-30,0.0011392026
usa,mkt,monthly,vw_cap,na,1041,na,1956-05-31,-0.042720448
usa,mkt,monthly,vw_cap,na,1037,na,1956-06-30,0.029374258
usa,mkt,monthly,vw_cap,na,1034,na,1956-07-31,0.0460947203
usa,mkt,monthly,vw_cap,na,1036,na,1956-08-31,-0.024842927
usa,mkt,monthly,vw_cap,na,1035,na,1956-09-30,-0.046672935
usa,mkt,monthly,vw_cap,na,1038,na,1956-10-31,0.0061047384
usa,mkt,monthly,vw_cap,na,1038,na,1956-11-30,0.0059859454
usa,mkt,monthly,vw_cap,na,1038,na,1956-12-31,0.0258143479
usa,mkt,monthly,vw_cap,na,1036,na,1957-01-31,-0.016356397
usa,mkt,monthly,vw_cap,na,1039,na,1957-02-28,-0.022506302
usa,mkt,monthly,vw_cap,na,1042,na,1957-03-31,0.0222040445
usa,mkt,monthly,vw_cap,na,1042,na,1957-04-30,0.0290994098
usa,mkt,monthly,vw_cap,na,1043,na,1957-05-31,0.026455777
usa,mkt,monthly,vw_cap,na,1049,na,1957-06-30,-0.015282029
usa,mkt,monthly,vw_cap,na,1050,na,1957-07-31,0.0008879173
usa,mkt,monthly,vw_cap,na,1054,na,1957-08-31,-0.054707451
usa,mkt,monthly,vw_cap,na,1055,na,1957-09-30,-0.054327138
usa,mkt,monthly,vw_cap,na,1054,na,1957-10-31,-0.052631586
usa,mkt,monthly,vw_cap,na,1054,na,1957-11-30,0.0295163613
usa,mkt,monthly,vw_cap,na,1056,na,1957-12-31,-0.040518722
usa,mkt,monthly,vw_cap,na,1055,na,1958-01-31,0.0729560459
usa,mkt,monthly,vw_cap,na,1055,na,1958-02-28,-0.010358332
usa,mkt,monthly,vw_cap,na,1048,na,1958-03-31,0.0347482008
usa,mkt,monthly,vw_cap,na,1053,na,1958-04-30,0.0280044899
usa,mkt,monthly,vw_cap,na,1054,na,1958-05-31,0.0322821742
usa,mkt,monthly,vw_cap,na,1051,na,1958-06-30,0.029334447
usa,mkt,monthly,vw_cap,na,1050,na,1958-07-31,0.0499270085
usa,mkt,monthly,vw_cap,na,1048,na,1958-08-31,0.0225754839
usa,mkt,monthly,vw_cap,na,1047,na,1958-09-30,0.0441045243
usa,mkt,monthly,vw_cap,na,1045,na,1958-10-31,0.0301935009
usa,mkt,monthly,vw_cap,na,1045,na,1958-11-30,0.0379728268
usa,mkt,monthly,vw_cap,na,1046,na,1958-12-31,0.0405814892
usa,mkt,monthly,vw_cap,na,1048,na,1959-01-31,0.0189219911
usa,mkt,monthly,vw_cap,na,1046,na,1959-02-28,0.0231426189
usa,mkt,monthly,vw_cap,na,1041,na,1959-03-31,0.0047955824
usa,mkt,monthly,vw_cap,na,1043,na,1959-04-30,0.027359388
usa,mkt,monthly,vw_cap,na,1049,na,1959-05-31,0.0072088398
usa,mkt,monthly,vw_cap,na,1052,na,1959-06-30,0.0048094005
usa,mkt,monthly,vw_cap,na,1055,na,1959-07-31,0.0276840414
usa,mkt,monthly,vw_cap,na,1060,na,1959-08-31,-0.018440967
usa,mkt,monthly,vw_cap,na,1061,na,1959-09-30,-0.050884668
usa,mkt,monthly,vw_cap,na,1061,na,1959-10-31,0.021843899
usa,mkt,monthly,vw_cap,na,1065,na,1959-11-30,0.0164001802
usa,mkt,monthly,vw_cap,na,1067,na,1959-12-31,0.0158360611
usa,mkt,monthly,vw_cap,na,1067,na,1960-01-31,-0.056444044
usa,mkt,monthly,vw_cap,na,1069,na,1960-02-29,0.0090669264
usa,mkt,monthly,vw_cap,na,1073,na,1960-03-31,-0.020886654
usa,mkt,monthly,vw_cap,na,1075,na,1960-04-30,-0.013587426
usa,mkt,monthly,vw_cap,na,1075,na,1960-05-31,0.031671847
usa,mkt,monthly,vw_cap,na,1080,na,1960-06-30,0.0225093854
usa,mkt,monthly,vw_cap,na,1082,na,1960-07-31,-0.022669979
usa,mkt,monthly,vw_cap,na,1088,na,1960-08-31,0.0310405418
usa,mkt,monthly,vw_cap,na,1095,na,1960-09-30,-0.059715966
usa,mkt,monthly,vw_cap,na,1098,na,1960-10-31,-0.015172984
usa,mkt,monthly,vw_cap,na,1097,na,1960-11-30,0.0550633314
usa,mkt,monthly,vw_cap,na,1095,na,1960-12-31,0.0436758437
usa,mkt,monthly,vw_cap,na,1093,na,1961-01-31,0.0666384741
usa,mkt,monthly,vw_cap,na,1097,na,1961-02-28,0.0505168508
usa,mkt,monthly,vw_cap,na,1098,na,1961-03-31,0.0346580729
usa,mkt,monthly,vw_cap,na,1099,na,1961-04-30,0.0014232296
usa,mkt,monthly,vw_cap,na,1103,na,1961-05-31,0.0355749699
usa,mkt,monthly,vw_cap,na,1100,na,1961-06-30,-0.03707136
usa,mkt,monthly,vw_cap,na,1099,na,1961-07-31,0.0180000879
usa,mkt,monthly,vw_cap,na,1102,na,1961-08-31,0.0307594808
usa,mkt,monthly,vw_cap,na,1103,na,1961-09-30,-0.026652167
usa,mkt,monthly,vw_cap,na,1109,na,1961-10-31,0.0237432417
usa,mkt,monthly,vw_cap,na,1117,na,1961-11-30,0.0394510626
usa,mkt,monthly,vw_cap,na,1120,na,1961-12-31,-0.010347644
usa,mkt,monthly,vw_cap,na,1120,na,1962-01-31,-0.027826765
usa,mkt,monthly,vw_cap,na,1197,na,1962-02-28,0.01403386
usa,mkt,monthly,vw_cap,na,1277,na,1962-03-31,-0.008643719
usa,mkt,monthly,vw_cap,na,1276,na,1962-04-30,-0.064957157
usa,mkt,monthly,vw_cap,na,1279,na,1962-05-31,-0.10683991
usa,mkt,monthly,vw_cap,na,1280,na,1962-06-30,-0.083537044
usa,mkt,monthly,vw_cap,na,1250,na,1962-07-31,0.0594661633
usa,mkt,monthly,vw_cap,na,2110,na,1962-08-31,0.0260334814
usa,mkt,monthly,vw_cap,na,2109,na,1962-09-30,-0.056224568
usa,mkt,monthly,vw_cap,na,2119,na,1962-10-31,-0.017297455
usa,mkt,monthly,vw_cap,na,2122,na,1962-11-30,0.1237210625
usa,mkt,monthly,vw_cap,na,2115,na,1962-12-31,0.0011962153
usa,mkt,monthly,vw_cap,na,2126,na,1963-01-31,0.0599537197
usa,mkt,monthly,vw_cap,na,2123,na,1963-02-28,-0.01771221
usa,mkt,monthly,vw_cap,na,2116,na,1963-03-31,0.0213211539
usa,mkt,monthly,vw_cap,na,2122,na,1963-04-30,0.0394912816
usa,mkt,monthly,vw_cap,na,2131,na,1963-05-31,0.0215451779
usa,mkt,monthly,vw_cap,na,2135,na,1963-06-30,-0.015240458
usa,mkt,monthly,vw_cap,na,2137,na,1963-07-31,-0.009624361
usa,mkt,monthly,vw_cap,na,2140,na,1963-08-31,0.0519613862
usa,mkt,monthly,vw_cap,na,2132,na,1963-09-30,-0.018581252
usa,mkt,monthly,vw_cap,na,2129,na,1963-10-31,0.0113428974
usa,mkt,monthly,vw_cap,na,2135,na,1963-11-30,-0.01160225
usa,mkt,monthly,vw_cap,na,2125,na,1963-12-31,0.0144615614
usa,mkt,monthly,vw_cap,na,2128,na,1964-01-31,0.0145659488
usa,mkt,monthly,vw_cap,na,2143,na,1964-02-29,0.0179982244
usa,mkt,monthly,vw_cap,na,2145,na,1964-03-31,0.0195000112
usa,mkt,monthly,vw_cap,na,2156,na,1964-04-30,-0.002840012
usa,mkt,monthly,vw_cap,na,2161,na,1964-05-31,0.0129418678
usa,mkt,monthly,vw_cap,na,2160,na,1964-06-30,0.0108724419
usa,mkt,monthly,vw_cap,na,2162,na,1964-07-31,0.0218583754
usa,mkt,monthly,vw_cap,na,2180,na,1964-08-31,-0.01098845
usa,mkt,monthly,vw_cap,na,2178,na,1964-09-30,0.0315141853
usa,mkt,monthly,vw_cap,na,2183,na,1964-10-31,0.0096014557
usa,mkt,monthly,vw_cap,na,2191,na,1964-11-30,0.0003305536
usa,mkt,monthly,vw_cap,na,2191,na,1964-12-31,-0.007225944
usa,mkt,monthly,vw_cap,na,2201,na,1965-01-31,0.0482877041
usa,mkt,monthly,vw_cap,na,2217,na,1965-02-28,0.0173446143
usa,mkt,monthly,vw_cap,na,2247,na,1965-03-31,-0.006628119
usa,mkt,monthly,vw_cap,na,2252,na,1965-04-30,0.029529142
usa,mkt,monthly,vw_cap,na,2255,na,1965-05-31,-0.010739973
usa,mkt,monthly,vw_cap,na,2250,na,1965-06-30,-0.069445208
usa,mkt,monthly,vw_cap,na,2260,na,1965-07-31,0.0222188055
usa,mkt,monthly,vw_cap,na,2269,na,1965-08-31,0.0364711392
usa,mkt,monthly,vw_cap,na,2266,na,1965-09-30,0.0270701234
usa,mkt,monthly,vw_cap,na,2260,na,1965-10-31,0.0305644759
usa,mkt,monthly,vw_cap,na,2276,na,1965-11-30,0.0190219285
usa,mkt,monthly,vw_cap,na,2265,na,1965-12-31,0.0185092149
usa,mkt,monthly,vw_cap,na,2270,na,1966-01-31,0.0249813073
usa,mkt,monthly,vw_cap,na,2384,na,1966-02-28,-0.005271206
usa,mkt,monthly,vw_cap,na,2393,na,1966-03-31,-0.022666482
usa,mkt,monthly,vw_cap,na,2388,na,1966-04-30,0.0248982114
usa,mkt,monthly,vw_cap,na,2427,na,1966-05-31,-0.064968484
usa,mkt,monthly,vw_cap,na,2441,na,1966-06-30,-0.00709546
usa,mkt,monthly,vw_cap,na,2436,na,1966-07-31,-0.017299814
usa,mkt,monthly,vw_cap,na,2445,na,1966-08-31,-0.088708477
usa,mkt,monthly,vw_cap,na,2458,na,1966-09-30,-0.013860091
usa,mkt,monthly,vw_cap,na,2462,na,1966-10-31,0.027338162
usa,mkt,monthly,vw_cap,na,2457,na,1966-11-30,0.0264745826
usa,mkt,monthly,vw_cap,na,2455,na,1966-12-31,0.0161611585
usa,mkt,monthly,vw_cap,na,2449,na,1967-01-31,0.099633387
usa,mkt,monthly,vw_cap,na,2480,na,1967-02-28,0.0080217687
usa,mkt,monthly,vw_cap,na,2486,na,1967-03-31,0.0440393856
usa,mkt,monthly,vw_cap,na,2479,na,1967-04-30,0.0347010255
usa,mkt,monthly,vw_cap,na,2466,na,1967-05-31,-0.025887019
usa,mkt,monthly,vw_cap,na,2458,na,1967-06-30,0.0354595432
usa,mkt,monthly,vw_cap,na,2453,na,1967-07-31,0.0552400115
usa,mkt,monthly,vw_cap,na,2447,na,1967-08-31,-0.004547944
usa,mkt,monthly,vw_cap,na,2434,na,1967-09-30,0.0296213112
usa,mkt,monthly,vw_cap,na,2431,na,1967-10-31,-0.040043291
usa,mkt,monthly,vw_cap,na,2431,na,1967-11-30,0.0035882916
usa,mkt,monthly,vw_cap,na,2431,na,1967-12-31,0.0416181456
usa,mkt,monthly,vw_cap,na,2422,na,1968-01-31,-0.025650292
usa,mkt,monthly,vw_cap,na,2615,na,1968-02-29,-0.044413758
usa,mkt,monthly,vw_cap,na,2617,na,1968-03-31,-0.008073435
usa,mkt,monthly,vw_cap,na,2616,na,1968-04-30,0.1067985808
usa,mkt,monthly,vw_cap,na,2620,na,1968-05-31,0.0417647116
usa,mkt,monthly,vw_cap,na,2609,na,1968-06-30,0.015564289
usa,mkt,monthly,vw_cap,na,2600,na,1968-07-31,-0.031548192
usa,mkt,monthly,vw_cap,na,2603,na,1968-08-31,0.0171175344
usa,mkt,monthly,vw_cap,na,2609,na,1968-09-30,0.0518567899
usa,mkt,monthly,vw_cap,na,2609,na,1968-10-31,0.0100065625
usa,mkt,monthly,vw_cap,na,2623,na,1968-11-30,0.0644223755
usa,mkt,monthly,vw_cap,na,2634,na,1968-12-31,-0.024201798
usa,mkt,monthly,vw_cap,na,2638,na,1969-01-31,-0.010420533
usa,mkt,monthly,vw_cap,na,2645,na,1969-02-28,-0.073249094
usa,mkt,monthly,vw_cap,na,2659,na,1969-03-31,0.0149973756
usa,mkt,monthly,vw_cap,na,2669,na,1969-04-30,0.009018749
usa,mkt,monthly,vw_cap,na,2675,na,1969-05-31,0.0006327172
usa,mkt,monthly,vw_cap,na,2684,na,1969-06-30,-0.093663489
usa,mkt,monthly,vw_cap,na,2698,na,1969-07-31,-0.078931754
usa,mkt,monthly,vw_cap,na,2704,na,1969-08-31,0.0496946489
usa,mkt,monthly,vw_cap,na,2713,na,1969-09-30,-0.019150964
usa,mkt,monthly,vw_cap,na,2731,na,1969-10-31,0.0664417228
usa,mkt,monthly,vw_cap,na,2732,na,1969-11-30,-0.043854789
usa,mkt,monthly,vw_cap,na,2726,na,1969-12-31,-0.034800365
usa,mkt,monthly,vw_cap,na,2744,na,1970-01-31,-0.071098464
usa,mkt,monthly,vw_cap,na,2759,na,1970-02-28,0.0481253604
usa,mkt,monthly,vw_cap,na,2773,na,1970-03-31,-0.016491819
usa,mkt,monthly,vw_cap,na,2784,na,1970-04-30,-0.13233699
usa,mkt,monthly,vw_cap,na,2783,na,1970-05-31,-0.092010863
usa,mkt,monthly,vw_cap,na,2790,na,1970-06-30,-0.051814511
usa,mkt,monthly,vw_cap,na,2795,na,1970-07-31,0.0704917953
usa,mkt,monthly,vw_cap,na,2803,na,1970-08-31,0.0472530568
usa,mkt,monthly,vw_cap,na,2805,na,1970-09-30,0.0621733648
usa,mkt,monthly,vw_cap,na,2856,na,1970-10-31,-0.036002546
usa,mkt,monthly,vw_cap,na,2853,na,1970-11-30,0.0369392595
usa,mkt,monthly,vw_cap,na,2860,na,1970-12-31,0.0713212929
usa,mkt,monthly,vw_cap,na,2863,na,1971-01-31,0.0687407229
usa,mkt,monthly,vw_cap,na,2897,na,1971-02-28,0.0196000928
usa,mkt,monthly,vw_cap,na,2909,na,1971-03-31,0.0459919979
usa,mkt,monthly,vw_cap,na,2911,na,1971-04-30,0.033729408
usa,mkt,monthly,vw_cap,na,2925,na,1971-05-31,-0.038187886
usa,mkt,monthly,vw_cap,na,2933,na,1971-06-30,-0.002962491
usa,mkt,monthly,vw_cap,na,2946,na,1971-07-31,-0.042672098
usa,mkt,monthly,vw_cap,na,2957,na,1971-08-31,0.0386296278
usa,mkt,monthly,vw_cap,na,2963,na,1971-09-30,-0.00789577
usa,mkt,monthly,vw_cap,na,2986,na,1971-10-31,-0.050935394
usa,mkt,monthly,vw_cap,na,2991,na,1971-11-30,-0.015124123
usa,mkt,monthly,vw_cap,na,3006,na,1971-12-31,0.1013579689
usa,mkt,monthly,vw_cap,na,3036,na,1972-01-31,0.0364601422
usa,mkt,monthly,vw_cap,na,3070,na,1972-02-29,0.0323481592
usa,mkt,monthly,vw_cap,na,3078,na,1972-03-31,0.0064777333
usa,mkt,monthly,vw_cap,na,3090,na,1972-04-30,0.0056845581
usa,mkt,monthly,vw_cap,na,3094,na,1972-05-31,0.0020090593
usa,mkt,monthly,vw_cap,na,3107,na,1972-06-30,-0.02850911
usa,mkt,monthly,vw_cap,na,3113,na,1972-07-31,-0.022089605
usa,mkt,monthly,vw_cap,na,3111,na,1972-08-31,0.030170882
usa,mkt,monthly,vw_cap,na,3124,na,1972-09-30,-0.021808682
usa,mkt,monthly,vw_cap,na,3137,na,1972-10-31,0.0003963202
usa,mkt,monthly,vw_cap,na,3139,na,1972-11-30,0.0536095067
usa,mkt,monthly,vw_cap,na,2611,na,1972-12-31,-0.008811762
usa,mkt,monthly,vw_cap,na,5477,na,1973-01-31,-0.052599333
usa,mkt,monthly,vw_cap,na,5481,na,1973-02-28,-0.061980867
usa,mkt,monthly,vw_cap,na,5451,na,1973-03-31,-0.024119673
usa,mkt,monthly,vw_cap,na,5417,na,1973-04-30,-0.070172998
usa,mkt,monthly,vw_cap,na,5346,na,1973-05-31,-0.05082665
usa,mkt,monthly,vw_cap,na,5301,na,1973-06-30,-0.029077076
usa,mkt,monthly,vw_cap,na,5265,na,1973-07-31,0.081481908
usa,mkt,monthly,vw_cap,na,5222,na,1973-08-31,-0.033695514
usa,mkt,monthly,vw_cap,na,5175,na,1973-09-30,0.0810245206
usa,mkt,monthly,vw_cap,na,5153,na,1973-10-31,-0.011125824
usa,mkt,monthly,vw_cap,na,5079,na,1973-11-30,-0.154408746
usa,mkt,monthly,vw_cap,na,4988,na,1973-12-31,0.0024436642
usa,mkt,monthly,vw_cap,na,4972,na,1974-01-31,0.0306312535
usa,mkt,monthly,vw_cap,na,4954,na,1974-02-28,0.0003819073
usa,mkt,monthly,vw_cap,na,4939,na,1974-03-31,-0.028214533
usa,mkt,monthly,vw_cap,na,4927,na,1974-04-30,-0.066221483
usa,mkt,monthly,vw_cap,na,4896,na,1974-05-31,-0.070319703
usa,mkt,monthly,vw_cap,na,4882,na,1974-06-30,-0.040739211
usa,mkt,monthly,vw_cap,na,4863,na,1974-07-31,-0.0601027
usa,mkt,monthly,vw_cap,na,4824,na,1974-08-31,-0.101031849
usa,mkt,monthly,vw_cap,na,4779,na,1974-09-30,-0.097160851
usa,mkt,monthly,vw_cap,na,4745,na,1974-10-31,0.1470649299
usa,mkt,monthly,vw_cap,na,4713,na,1974-11-30,-0.037562339
usa,mkt,monthly,vw_cap,na,4665,na,1974-12-31,-0.046354245
usa,mkt,monthly,vw_cap,na,4639,na,1975-01-31,0.1877784763
usa,mkt,monthly,vw_cap,na,4651,na,1975-02-28,0.0431021898
usa,mkt,monthly,vw_cap,na,4670,na,1975-03-31,0.0439231924
usa,mkt,monthly,vw_cap,na,4674,na,1975-04-30,0.0406230533
usa,mkt,monthly,vw_cap,na,4677,na,1975-05-31,0.055330838
usa,mkt,monthly,vw_cap,na,4655,na,1975-06-30,0.0604687581
usa,mkt,monthly,vw_cap,na,4689,na,1975-07-31,-0.05634735
usa,mkt,monthly,vw_cap,na,4698,na,1975-08-31,-0.036509436
usa,mkt,monthly,vw_cap,na,4710,na,1975-09-30,-0.045488178
usa,mkt,monthly,vw_cap,na,4706,na,1975-10-31,0.0415655093
usa,mkt,monthly,vw_cap,na,4707,na,1975-11-30,0.027468951
usa,mkt,monthly,vw_cap,na,4696,na,1975-12-31,-0.012532264
usa,mkt,monthly,vw_cap,na,4619,na,1976-01-31,0.1415405269
usa,mkt,monthly,vw_cap,na,4631,na,1976-02-29,0.0265356289
usa,mkt,monthly,vw_cap,na,4678,na,1976-03-31,0.0128593332
usa,mkt,monthly,vw_cap,na,4676,na,1976-04-30,-0.014404557
usa,mkt,monthly,vw_cap,na,4714,na,1976-05-31,-0.016070711
usa,mkt,monthly,vw_cap,na,4715,na,1976-06-30,0.043922638
usa,mkt,monthly,vw_cap,na,4732,na,1976-07-31,-0.007711109
usa,mkt,monthly,vw_cap,na,4480,na,1976-08-31,-0.012633332
usa,mkt,monthly,vw_cap,na,4493,na,1976-09-30,0.0191238195
usa,mkt,monthly,vw_cap,na,4755,na,1976-10-31,-0.025848549
usa,mkt,monthly,vw_cap,na,4774,na,1976-11-30,0.0151329003
usa,mkt,monthly,vw_cap,na,4788,na,1976-12-31,0.0721905193
usa,mkt,monthly,vw_cap,na,4725,na,1977-01-31,-0.027450603
usa,mkt,monthly,vw_cap,na,4720,na,1977-02-28,-0.020560521
usa,mkt,monthly,vw_cap,na,4753,na,1977-03-31,-0.004887229
usa,mkt,monthly,vw_cap,na,4755,na,1977-04-30,0.0085022977
usa,mkt,monthly,vw_cap,na,4765,na,1977-05-31,-0.010621258
usa,mkt,monthly,vw_cap,na,4765,na,1977-06-30,0.0504352614
usa,mkt,monthly,vw_cap,na,4749,na,1977-07-31,-0.015853887
usa,mkt,monthly,vw_cap,na,4732,na,1977-08-31,-0.019670747
usa,mkt,monthly,vw_cap,na,4722,na,1977-09-30,-0.000760621
usa,mkt,monthly,vw_cap,na,4708,na,1977-10-31,-0.040998749
usa,mkt,monthly,vw_cap,na,4708,na,1977-11-30,0.0542394265
usa,mkt,monthly,vw_cap,na,4694,na,1977-12-31,0.0051028248
usa,mkt,monthly,vw_cap,na,4666,na,1978-01-31,-0.054827425
usa,mkt,monthly,vw_cap,na,4671,na,1978-02-28,-0.008558322
usa,mkt,monthly,vw_cap,na,4650,na,1978-03-31,0.0437844928
usa,mkt,monthly,vw_cap,na,4642,na,1978-04-30,0.0720774607
usa,mkt,monthly,vw_cap,na,4652,na,1978-05-31,0.0333933234
usa,mkt,monthly,vw_cap,na,4630,na,1978-06-30,-0.010293099
usa,mkt,monthly,vw_cap,na,4622,na,1978-07-31,0.0527730524
usa,mkt,monthly,vw_cap,na,4598,na,1978-08-31,0.0469065633
usa,mkt,monthly,vw_cap,na,4605,na,1978-09-30,-0.015639004
usa,mkt,monthly,vw_cap,na,4620,na,1978-10-31,-0.147389411
usa,mkt,monthly,vw_cap,na,4628,na,1978-11-30,0.0307839853
usa,mkt,monthly,vw_cap,na,4628,na,1978-12-31,0.0068569836
usa,mkt,monthly,vw_cap,na,4622,na,1979-01-31,0.0550528285
usa,mkt,monthly,vw_cap,na,4623,na,1979-02-28,-0.034774904
usa,mkt,monthly,vw_cap,na,4623,na,1979-03-31,0.0691988303
usa,mkt,monthly,vw_cap,na,4627,na,1979-04-30,0.0030906399
usa,mkt,monthly,vw_cap,na,4619,na,1979-05-31,-0.017554904
usa,mkt,monthly,vw_cap,na,4608,na,1979-06-30,0.0489085745
usa,mkt,monthly,vw_cap,na,4607,na,1979-07-31,0.0149679329
usa,mkt,monthly,vw_cap,na,4609,na,1979-08-31,0.0628340201
usa,mkt,monthly,vw_cap,na,4603,na,1979-09-30,-0.008830281
usa,mkt,monthly,vw_cap,na,4608,na,1979-10-31,-0.096332541
usa,mkt,monthly,vw_cap,na,4613,na,1979-11-30,0.062687809
usa,mkt,monthly,vw_cap,na,4608,na,1979-12-31,0.0318198467
usa,mkt,monthly,vw_cap,na,4591,na,1980-01-31,0.0573273804
usa,mkt,monthly,vw_cap,na,4618,na,1980-02-29,-0.029870059
usa,mkt,monthly,vw_cap,na,4619,na,1980-03-31,-0.143919684
usa,mkt,monthly,vw_cap,na,4620,na,1980-04-30,0.04793769
usa,mkt,monthly,vw_cap,na,4616,na,1980-05-31,0.0658674441
usa,mkt,monthly,vw_cap,na,4621,na,1980-06-30,0.0372968156
usa,mkt,monthly,vw_cap,na,4652,na,1980-07-31,0.0766258108
usa,mkt,monthly,vw_cap,na,4654,na,1980-08-31,0.0256286998
usa,mkt,monthly,vw_cap,na,4660,na,1980-09-30,0.0235041261
usa,mkt,monthly,vw_cap,na,4697,na,1980-10-31,0.0090947527
usa,mkt,monthly,vw_cap,na,4718,na,1980-11-30,0.0745590354
usa,mkt,monthly,vw_cap,na,4741,na,1980-12-31,-0.036276435
usa,mkt,monthly,vw_cap,na,4784,na,1981-01-31,-0.036655788
usa,mkt,monthly,vw_cap,na,4834,na,1981-02-28,0.0038989348
usa,mkt,monthly,vw_cap,na,4854,na,1981-03-31,0.0598420095
usa,mkt,monthly,vw_cap,na,4887,na,1981-04-30,-0.007654936
usa,mkt,monthly,vw_cap,na,4949,na,1981-05-31,0.01157009
usa,mkt,monthly,vw_cap,na,4996,na,1981-06-30,-0.031620162
usa,mkt,monthly,vw_cap,na,5042,na,1981-07-31,-0.025345061
usa,mkt,monthly,vw_cap,na,5099,na,1981-08-31,-0.072438402
usa,mkt,monthly,vw_cap,na,5109,na,1981-09-30,-0.079368623
usa,mkt,monthly,vw_cap,na,5121,na,1981-10-31,0.0577250743
usa,mkt,monthly,vw_cap,na,5166,na,1981-11-30,0.0306055631
usa,mkt,monthly,vw_cap,na,5168,na,1981-12-31,-0.032711622
usa,mkt,monthly,vw_cap,na,5189,na,1982-01-31,-0.040569587
usa,mkt,monthly,vw_cap,na,5212,na,1982-02-28,-0.055124038
usa,mkt,monthly,vw_cap,na,5207,na,1982-03-31,-0.02236791
usa,mkt,monthly,vw_cap,na,5193,na,1982-04-30,0.0378209102
usa,mkt,monthly,vw_cap,na,5184,na,1982-05-31,-0.045516846
usa,mkt,monthly,vw_cap,na,5168,na,1982-06-30,-0.037628743
usa,mkt,monthly,vw_cap,na,5153,na,1982-07-31,-0.032549391
usa,mkt,monthly,vw_cap,na,5158,na,1982-08-31,0.1064477904
usa,mkt,monthly,vw_cap,na,5132,na,1982-09-30,0.0192754436
usa,mkt,monthly,vw_cap,na,5107,na,1982-10-31,0.1277194921
usa,mkt,monthly,vw_cap,na,5068,na,1982-11-30,0.0558274283
usa,mkt,monthly,vw_cap,na,5283,na,1982-12-31,0.0057839525
usa,mkt,monthly,vw_cap,na,5281,na,1983-01-31,0.0379750566
usa,mkt,monthly,vw_cap,na,5307,na,1983-02-28,0.0325179693
usa,mkt,monthly,vw_cap,na,5310,na,1983-03-31,0.0311469713
usa,mkt,monthly,vw_cap,na,5350,na,1983-04-30,0.0632184482
usa,mkt,monthly,vw_cap,na,5377,na,1983-05-31,0.0308156053
usa,mkt,monthly,vw_cap,na,5409,na,1983-06-30,0.0292236517
usa,mkt,monthly,vw_cap,na,5497,na,1983-07-31,-0.038416594
usa,mkt,monthly,vw_cap,na,5552,na,1983-08-31,-0.017897063
usa,mkt,monthly,vw_cap,na,5629,na,1983-09-30,0.0126741258
usa,mkt,monthly,vw_cap,na,5690,na,1983-10-31,-0.047277498
usa,mkt,monthly,vw_cap,na,5775,na,1983-11-30,0.0334129728
usa,mkt,monthly,vw_cap,na,5819,na,1983-12-31,-0.022576563
usa,mkt,monthly,vw_cap,na,5901,na,1984-01-31,-0.029054018
usa,mkt,monthly,vw_cap,na,5960,na,1984-02-29,-0.057034431
usa,mkt,monthly,vw_cap,na,6005,na,1984-03-31,0.0069819889
usa,mkt,monthly,vw_cap,na,6051,na,1984-04-30,-0.015020238
usa,mkt,monthly,vw_cap,na,6061,na,1984-05-31,-0.062128422
usa,mkt,monthly,vw_cap,na,6067,na,1984-06-30,0.0202861504
usa,mkt,monthly,vw_cap,na,6080,na,1984-07-31,-0.039137438
usa,mkt,monthly,vw_cap,na,6098,na,1984-08-31,0.1092532743
usa,mkt,monthly,vw_cap,na,6073,na,1984-09-30,-0.007949549
usa,mkt,monthly,vw_cap,na,6049,na,1984-10-31,-0.011190954
usa,mkt,monthly,vw_cap,na,6038,na,1984-11-30,-0.017637097
usa,mkt,monthly,vw_cap,na,6047,na,1984-12-31,0.0172111073
usa,mkt,monthly,vw_cap,na,6027,na,1985-01-31,0.0898025207
usa,mkt,monthly,vw_cap,na,6035,na,1985-02-28,0.0128201944
usa,mkt,monthly,vw_cap,na,6014,na,1985-03-31,-0.007501718
usa,mkt,monthly,vw_cap,na,6014,na,1985-04-30,-0.011775665
usa,mkt,monthly,vw_cap,na,5984,na,1985-05-31,0.0489262245
usa,mkt,monthly,vw_cap,na,5973,na,1985-06-30,0.0141708823
usa,mkt,monthly,vw_cap,na,5987,na,1985-07-31,-0.001740488
usa,mkt,monthly,vw_cap,na,5975,na,1985-08-31,-0.009611188
usa,mkt,monthly,vw_cap,na,5984,na,1985-09-30,-0.053853726
usa,mkt,monthly,vw_cap,na,5979,na,1985-10-31,0.0400727246
usa,mkt,monthly,vw_cap,na,5977,na,1985-11-30,0.0644215199
usa,mkt,monthly,vw_cap,na,5979,na,1985-12-31,0.0341875857
usa,mkt,monthly,vw_cap,na,5950,na,1986-01-31,0.0145200349
usa,mkt,monthly,vw_cap,na,5946,na,1986-02-28,0.0707905949
usa,mkt,monthly,vw_cap,na,5934,na,1986-03-31,0.0472383938
usa,mkt,monthly,vw_cap,na,5953,na,1986-04-30,-0.010953147
usa,mkt,monthly,vw_cap,na,5970,na,1986-05-31,0.0449238574
usa,mkt,monthly,vw_cap,na,6009,na,1986-06-30,0.0066900656
usa,mkt,monthly,vw_cap,na,6072,na,1986-07-31,-0.070567397
usa,mkt,monthly,vw_cap,na,6136,na,1986-08-31,0.0555900406
usa,mkt,monthly,vw_cap,na,6167,na,1986-09-30,-0.079286749
usa,mkt,monthly,vw_cap,na,6189,na,1986-10-31,0.0461925919
usa,mkt,monthly,vw_cap,na,6218,na,1986-11-30,0.0035153208
usa,mkt,monthly,vw_cap,na,6206,na,1986-12-31,-0.034004425
usa,mkt,monthly,vw_cap,na,6248,na,1987-01-31,0.122861592
usa,mkt,monthly,vw_cap,na,6286,na,1987-02-28,0.0550763809
usa,mkt,monthly,vw_cap,na,6326,na,1987-03-31,0.0131335215
usa,mkt,monthly,vw_cap,na,6376,na,1987-04-30,-0.028850356
usa,mkt,monthly,vw_cap,na,6410,na,1987-05-31,-0.000677575
usa,mkt,monthly,vw_cap,na,6447,na,1987-06-30,0.0342628853
usa,mkt,monthly,vw_cap,na,6499,na,1987-07-31,0.0410388664
usa,mkt,monthly,vw_cap,na,6535,na,1987-08-31,0.0282707124
usa,mkt,monthly,vw_cap,na,6586,na,1987-09-30,-0.023247649
usa,mkt,monthly,vw_cap,na,6614,na,1987-10-31,-0.255088767
usa,mkt,monthly,vw_cap,na,6605,na,1987-11-30,-0.062740566
usa,mkt,monthly,vw_cap,na,6581,na,1987-12-31,0.0762519435
usa,mkt,monthly,vw_cap,na,6573,na,1988-01-31,0.0435304269
usa,mkt,monthly,vw_cap,na,6535,na,1988-02-29,0.0611312727
usa,mkt,monthly,vw_cap,na,6518,na,1988-03-31,-0.002833112
usa,mkt,monthly,vw_cap,na,6504,na,1988-04-30,0.0048387652
usa,mkt,monthly,vw_cap,na,6465,na,1988-05-31,-0.010795917
usa,mkt,monthly,vw_cap,na,6460,na,1988-06-30,0.0562203744
usa,mkt,monthly,vw_cap,na,6465,na,1988-07-31,-0.017735352
usa,mkt,monthly,vw_cap,na,6434,na,1988-08-31,-0.030365106
usa,mkt,monthly,vw_cap,na,6401,na,1988-09-30,0.0286307099
usa,mkt,monthly,vw_cap,na,6388,na,1988-10-31,0.0017782928
usa,mkt,monthly,vw_cap,na,6373,na,1988-11-30,-0.028505411
usa,mkt,monthly,vw_cap,na,6316,na,1988-12-31,0.0187310233
usa,mkt,monthly,vw_cap,na,6296,na,1989-01-31,0.0558841603
usa,mkt,monthly,vw_cap,na,6290,na,1989-02-28,-0.012867437
usa,mkt,monthly,vw_cap,na,6267,na,1989-03-31,0.014405032
usa,mkt,monthly,vw_cap,na,6255,na,1989-04-30,0.0405947186
usa,mkt,monthly,vw_cap,na,6230,na,1989-05-31,0.0317907111
usa,mkt,monthly,vw_cap,na,6191,na,1989-06-30,-0.012713759
usa,mkt,monthly,vw_cap,na,6194,na,1989-07-31,0.0616798195
usa,mkt,monthly,vw_cap,na,6184,na,1989-08-31,0.0221019995
usa,mkt,monthly,vw_cap,na,6153,na,1989-09-30,-0.01075271
usa,mkt,monthly,vw_cap,na,6138,na,1989-10-31,-0.048634445
usa,mkt,monthly,vw_cap,na,6120,na,1989-11-30,0.0068357531
usa,mkt,monthly,vw_cap,na,6131,na,1989-12-31,0.0066533474
usa,mkt,monthly,vw_cap,na,6133,na,1990-01-31,-0.081971469
usa,mkt,monthly,vw_cap,na,6126,na,1990-02-28,0.0130352764
usa,mkt,monthly,vw_cap,na,6112,na,1990-03-31,0.0182112479
usa,mkt,monthly,vw_cap,na,6105,na,1990-04-30,-0.045176367
usa,mkt,monthly,vw_cap,na,6096,na,1990-05-31,0.08041202
usa,mkt,monthly,vw_cap,na,6095,na,1990-06-30,-0.011365522
usa,mkt,monthly,vw_cap,na,6094,na,1990-07-31,-0.029147248
usa,mkt,monthly,vw_cap,na,6097,na,1990-08-31,-0.108825847
usa,mkt,monthly,vw_cap,na,6091,na,1990-09-30,-0.075931971
usa,mkt,monthly,vw_cap,na,6066,na,1990-10-31,-0.038290886
usa,mkt,monthly,vw_cap,na,6038,na,1990-11-30,0.0749688409
usa,mkt,monthly,vw_cap,na,6024,na,1990-12-31,0.0315149679
usa,mkt,monthly,vw_cap,na,6001,na,1991-01-31,0.0580389404
usa,mkt,monthly,vw_cap,na,5989,na,1991-02-28,0.0803922718
usa,mkt,monthly,vw_cap,na,5965,na,1991-03-31,0.0329539295
usa,mkt,monthly,vw_cap,na,5936,na,1991-04-30,0.0015930476
usa,mkt,monthly,vw_cap,na,5936,na,1991-05-31,0.0405375511
usa,mkt,monthly,vw_cap,na,5952,na,1991-06-30,-0.051144998
usa,mkt,monthly,vw_cap,na,5958,na,1991-07-31,0.0411537666
usa,mkt,monthly,vw_cap,na,5984,na,1991-08-31,0.0242710235
usa,mkt,monthly,vw_cap,na,6010,na,1991-09-30,-0.011668899
usa,mkt,monthly,vw_cap,na,6003,na,1991-10-31,0.0174938185
usa,mkt,monthly,vw_cap,na,6026,na,1991-11-30,-0.046529793
usa,mkt,monthly,vw_cap,na,6036,na,1991-12-31,0.0994467032
usa,mkt,monthly,vw_cap,na,6055,na,1992-01-31,0.0207322911
usa,mkt,monthly,vw_cap,na,6064,na,1992-02-29,0.0184418157
usa,mkt,monthly,vw_cap,na,6077,na,1992-03-31,-0.031527951
usa,mkt,monthly,vw_cap,na,6128,na,1992-04-30,-0.005165717
usa,mkt,monthly,vw_cap,na,6125,na,1992-05-31,0.0034472346
usa,mkt,monthly,vw_cap,na,6115,na,1992-06-30,-0.026638147
usa,mkt,monthly,vw_cap,na,6103,na,1992-07-31,0.0366202482
usa,mkt,monthly,vw_cap,na,6105,na,1992-08-31,-0.026484962
usa,mkt,monthly,vw_cap,na,6121,na,1992-09-30,0.0153944022
usa,mkt,monthly,vw_cap,na,6110,na,1992-10-31,0.0212489907
usa,mkt,monthly,vw_cap,na,6137,na,1992-11-30,0.0480338976
usa,mkt,monthly,vw_cap,na,6150,na,1992-12-31,0.0237588242
usa,mkt,monthly,vw_cap,na,6192,na,1993-01-31,0.0190289452
usa,mkt,monthly,vw_cap,na,6204,na,1993-02-28,-0.004756161
usa,mkt,monthly,vw_cap,na,6224,na,1993-03-31,0.0295394927
usa,mkt,monthly,vw_cap,na,6289,na,1993-04-30,-0.026772732
usa,mkt,monthly,vw_cap,na,6326,na,1993-05-31,0.0322594707
usa,mkt,monthly,vw_cap,na,6362,na,1993-06-30,0.0049236419
usa,mkt,monthly,vw_cap,na,6414,na,1993-07-31,0.0017261933
usa,mkt,monthly,vw_cap,na,6458,na,1993-08-31,0.041557456
usa,mkt,monthly,vw_cap,na,6506,na,1993-09-30,0.004150953
usa,mkt,monthly,vw_cap,na,6562,na,1993-10-31,0.0151519303
usa,mkt,monthly,vw_cap,na,6619,na,1993-11-30,-0.026567998
usa,mkt,monthly,vw_cap,na,6684,na,1993-12-31,0.027202604
usa,mkt,monthly,vw_cap,na,6795,na,1994-01-31,0.0280330025
usa,mkt,monthly,vw_cap,na,6813,na,1994-02-28,-0.019699589
usa,mkt,monthly,vw_cap,na,6866,na,1994-03-31,-0.049702975
usa,mkt,monthly,vw_cap,na,6922,na,1994-04-30,0.0017454878
usa,mkt,monthly,vw_cap,na,6949,na,1994-05-31,-0.001987581
usa,mkt,monthly,vw_cap,na,7003,na,1994-06-30,-0.033104601
usa,mkt,monthly,vw_cap,na,7051,na,1994-07-31,0.0271492445
usa,mkt,monthly,vw_cap,na,7045,na,1994-08-31,0.0453498361
usa,mkt,monthly,vw_cap,na,7062,na,1994-09-30,-0.017805692
usa,mkt,monthly,vw_cap,na,7063,na,1994-10-31,0.0037307057
usa,mkt,monthly,vw_cap,na,7083,na,1994-11-30,-0.046169181
usa,mkt,monthly,vw_cap,na,7091,na,1994-12-31,0.0075281924
usa,mkt,monthly,vw_cap,na,7098,na,1995-01-31,0.0084323789
usa,mkt,monthly,vw_cap,na,7100,na,1995-02-28,0.0403997437
usa,mkt,monthly,vw_cap,na,7099,na,1995-03-31,0.0227802501
usa,mkt,monthly,vw_cap,na,7110,na,1995-04-30,0.0146267796
usa,mkt,monthly,vw_cap,na,7120,na,1995-05-31,0.0227538274
usa,mkt,monthly,vw_cap,na,7113,na,1995-06-30,0.0340143503
usa,mkt,monthly,vw_cap,na,7148,na,1995-07-31,0.0454961616
usa,mkt,monthly,vw_cap,na,7181,na,1995-08-31,0.0114948087
usa,mkt,monthly,vw_cap,na,7233,na,1995-09-30,0.0211735147
usa,mkt,monthly,vw_cap,na,7242,na,1995-10-31,-0.030612834
usa,mkt,monthly,vw_cap,na,7278,na,1995-11-30,0.0422187893
usa,mkt,monthly,vw_cap,na,7320,na,1995-12-31,0.0064308316
usa,mkt,monthly,vw_cap,na,7375,na,1996-01-31,0.0145734865
usa,mkt,monthly,vw_cap,na,7390,na,1996-02-29,0.0193634911
usa,mkt,monthly,vw_cap,na,7432,na,1996-03-31,0.0135203424
usa,mkt,monthly,vw_cap,na,7488,na,1996-04-30,0.0362067736
usa,mkt,monthly,vw_cap,na,7532,na,1996-05-31,0.0223495719
usa,mkt,monthly,vw_cap,na,7613,na,1996-06-30,-0.028903633
usa,mkt,monthly,vw_cap,na,7666,na,1996-07-31,-0.073884872
usa,mkt,monthly,vw_cap,na,7702,na,1996-08-31,0.0432787655
usa,mkt,monthly,vw_cap,na,7753,na,1996-09-30,0.0440848526
usa,mkt,monthly,vw_cap,na,7764,na,1996-10-31,-0.005217899
usa,mkt,monthly,vw_cap,na,7833,na,1996-11-30,0.0506545953
usa,mkt,monthly,vw_cap,na,7875,na,1996-12-31,-0.009338514
usa,mkt,monthly,vw_cap,na,7894,na,1997-01-31,0.0326728938
usa,mkt,monthly,vw_cap,na,7905,na,1997-02-28,-0.012366578
usa,mkt,monthly,vw_cap,na,7909,na,1997-03-31,-0.051677394
usa,mkt,monthly,vw_cap,na,7914,na,1997-04-30,0.0111587777
usa,mkt,monthly,vw_cap,na,7918,na,1997-05-31,0.0854597839
usa,mkt,monthly,vw_cap,na,7913,na,1997-06-30,0.0378100584
usa,mkt,monthly,vw_cap,na,7906,na,1997-07-31,0.0688183826
usa,mkt,monthly,vw_cap,na,7906,na,1997-08-31,-0.009434979
usa,mkt,monthly,vw_cap,na,7890,na,1997-09-30,0.0586464458
usa,mkt,monthly,vw_cap,na,7890,na,1997-10-31,-0.044316731
usa,mkt,monthly,vw_cap,na,7928,na,1997-11-30,0.004856622
usa,mkt,monthly,vw_cap,na,7927,na,1997-12-31,0.0127901065
usa,mkt,monthly,vw_cap,na,7912,na,1998-01-31,-0.013775257
usa,mkt,monthly,vw_cap,na,7883,na,1998-02-28,0.0760201264
usa,mkt,monthly,vw_cap,na,7847,na,1998-03-31,0.0453352372
usa,mkt,monthly,vw_cap,na,7817,na,1998-04-30,0.0042706193
usa,mkt,monthly,vw_cap,na,7832,na,1998-05-31,-0.043748511
usa,mkt,monthly,vw_cap,na,7807,na,1998-06-30,0.0050120898
usa,mkt,monthly,vw_cap,na,7802,na,1998-07-31,-0.055798707
usa,mkt,monthly,vw_cap,na,7789,na,1998-08-31,-0.184726205
usa,mkt,monthly,vw_cap,na,7738,na,1998-09-30,0.0593775883
usa,mkt,monthly,vw_cap,na,7629,na,1998-10-31,0.0681055759
usa,mkt,monthly,vw_cap,na,7578,na,1998-11-30,0.0537782951
usa,mkt,monthly,vw_cap,na,7514,na,1998-12-31,0.0504014216
usa,mkt,monthly,vw_cap,na,7478,na,1999-01-31,0.0117419221
usa,mkt,monthly,vw_cap,na,7430,na,1999-02-28,-0.049493438
usa,mkt,monthly,vw_cap,na,7359,na,1999-03-31,0.0267112996
usa,mkt,monthly,vw_cap,na,7304,na,1999-04-30,0.0798674591
usa,mkt,monthly,vw_cap,na,7288,na,1999-05-31,-0.005593143
usa,mkt,monthly,vw_cap,na,7262,na,1999-06-30,0.0435365258
usa,mkt,monthly,vw_cap,na,7242,na,1999-07-31,-0.02837463
usa,mkt,monthly,vw_cap,na,7230,na,1999-08-31,-0.02926864
usa,mkt,monthly,vw_cap,na,7205,na,1999-09-30,-0.023474334
usa,mkt,monthly,vw_cap,na,7183,na,1999-10-31,0.039713407
usa,mkt,monthly,vw_cap,na,7159,na,1999-11-30,0.0523920087
usa,mkt,monthly,vw_cap,na,7143,na,1999-12-31,0.0890003575
usa,mkt,monthly,vw_cap,na,7161,na,2000-01-31,-0.032335781
usa,mkt,monthly,vw_cap,na,7114,na,2000-02-29,0.0782814034
usa,mkt,monthly,vw_cap,na,7104,na,2000-03-31,0.0090461645
usa,mkt,monthly,vw_cap,na,7120,na,2000-04-30,-0.081512681
usa,mkt,monthly,vw_cap,na,7136,na,2000-05-31,-0.042749617
usa,mkt,monthly,vw_cap,na,7096,na,2000-06-30,0.0595377795
usa,mkt,monthly,vw_cap,na,7089,na,2000-07-31,-0.025375458
usa,mkt,monthly,vw_cap,na,7090,na,2000-08-31,0.0850732189
usa,mkt,monthly,vw_cap,na,7107,na,2000-09-30,-0.039677191
usa,mkt,monthly,vw_cap,na,7041,na,2000-10-31,-0.041252251
usa,mkt,monthly,vw_cap,na,6985,na,2000-11-30,-0.12061338
usa,mkt,monthly,vw_cap,na,6918,na,2000-12-31,0.0570662668
usa,mkt,monthly,vw_cap,na,6841,na,2001-01-31,0.0546358108
usa,mkt,monthly,vw_cap,na,6782,na,2001-02-28,-0.091620923
usa,mkt,monthly,vw_cap,na,6720,na,2001-03-31,-0.078616943
usa,mkt,monthly,vw_cap,na,6646,na,2001-04-30,0.0934671093
usa,mkt,monthly,vw_cap,na,6580,na,2001-05-31,0.0193411791
usa,mkt,monthly,vw_cap,na,6524,na,2001-06-30,-0.008763969
usa,mkt,monthly,vw_cap,na,6466,na,2001-07-31,-0.033296458
usa,mkt,monthly,vw_cap,na,6386,na,2001-08-31,-0.052786913
usa,mkt,monthly,vw_cap,na,6351,na,2001-09-30,-0.131574225
usa,mkt,monthly,vw_cap,na,6308,na,2001-10-31,0.0487345352
usa,mkt,monthly,vw_cap,na,6248,na,2001-11-30,0.0857798079
usa,mkt,monthly,vw_cap,na,6214,na,2001-12-31,0.0405914423
usa,mkt,monthly,vw_cap,na,6173,na,2002-01-31,-0.013045769
usa,mkt,monthly,vw_cap,na,6130,na,2002-02-28,-0.025390702
usa,mkt,monthly,vw_cap,na,6095,na,2002-03-31,0.0667932955
usa,mkt,monthly,vw_cap,na,6044,na,2002-04-30,-0.025754849
usa,mkt,monthly,vw_cap,na,6010,na,2002-05-31,-0.020782398
usa,mkt,monthly,vw_cap,na,5985,na,2002-06-30,-0.076703515
usa,mkt,monthly,vw_cap,na,5965,na,2002-07-31,-0.106561411
usa,mkt,monthly,vw_cap,na,5909,na,2002-08-31,0.0047535303
usa,mkt,monthly,vw_cap,na,5873,na,2002-09-30,-0.093917102
usa,mkt,monthly,vw_cap,na,5819,na,2002-10-31,0.0542553535
usa,mkt,monthly,vw_cap,na,5797,na,2002-11-30,0.0795732695
usa,mkt,monthly,vw_cap,na,5768,na,2002-12-31,-0.047986283
usa,mkt,monthly,vw_cap,na,5731,na,2003-01-31,-0.0191971
usa,mkt,monthly,vw_cap,na,5701,na,2003-02-28,-0.020584852
usa,mkt,monthly,vw_cap,na,5639,na,2003-03-31,0.0061559289
usa,mkt,monthly,vw_cap,na,5595,na,2003-04-30,0.0861654165
usa,mkt,monthly,vw_cap,na,5558,na,2003-05-31,0.0932260699
usa,mkt,monthly,vw_cap,na,5529,na,2003-06-30,0.0153647759
usa,mkt,monthly,vw_cap,na,5492,na,2003-07-31,0.0346409853
usa,mkt,monthly,vw_cap,na,5470,na,2003-08-31,0.0434999501
usa,mkt,monthly,vw_cap,na,5450,na,2003-09-30,-0.013609185
usa,mkt,monthly,vw_cap,na,5440,na,2003-10-31,0.0758771546
usa,mkt,monthly,vw_cap,na,5422,na,2003-11-30,0.0275768815
usa,mkt,monthly,vw_cap,na,5404,na,2003-12-31,0.0349950129
usa,mkt,monthly,vw_cap,na,5413,na,2004-01-31,0.0284426326
usa,mkt,monthly,vw_cap,na,5402,na,2004-02-29,0.0181906597
usa,mkt,monthly,vw_cap,na,5405,na,2004-03-31,-0.004066092
usa,mkt,monthly,vw_cap,na,5396,na,2004-04-30,-0.032334793
usa,mkt,monthly,vw_cap,na,5377,na,2004-05-31,0.0164333271
usa,mkt,monthly,vw_cap,na,5370,na,2004-06-30,0.0280660522
usa,mkt,monthly,vw_cap,na,5360,na,2004-07-31,-0.049277752
usa,mkt,monthly,vw_cap,na,5360,na,2004-08-31,-0.005731363
usa,mkt,monthly,vw_cap,na,5363,na,2004-09-30,0.0392244796
usa,mkt,monthly,vw_cap,na,5357,na,2004-10-31,0.0221414743
usa,mkt,monthly,vw_cap,na,5356,na,2004-11-30,0.0640889386
usa,mkt,monthly,vw_cap,na,5351,na,2004-12-31,0.0349987447
usa,mkt,monthly,vw_cap,na,5354,na,2005-01-31,-0.029814889
usa,mkt,monthly,vw_cap,na,5347,na,2005-02-28,0.0239028143
usa,mkt,monthly,vw_cap,na,5351,na,2005-03-31,-0.017888443
usa,mkt,monthly,vw_cap,na,5337,na,2005-04-30,-0.043098364
usa,mkt,monthly,vw_cap,na,5323,na,2005-05-31,0.0475341343
usa,mkt,monthly,vw_cap,na,5318,na,2005-06-30,0.0227113213
usa,mkt,monthly,vw_cap,na,5322,na,2005-07-31,0.0514540128
usa,mkt,monthly,vw_cap,na,5315,na,2005-08-31,-0.008645923
usa,mkt,monthly,vw_cap,na,5327,na,2005-09-30,0.0095011818
usa,mkt,monthly,vw_cap,na,5309,na,2005-10-31,-0.03051268
usa,mkt,monthly,vw_cap,na,5304,na,2005-11-30,0.041865648
usa,mkt,monthly,vw_cap,na,5286,na,2005-12-31,0.0058253841
usa,mkt,monthly,vw_cap,na,5290,na,2006-01-31,0.0526131334
usa,mkt,monthly,vw_cap,na,5272,na,2006-02-28,-0.005795615
usa,mkt,monthly,vw_cap,na,5273,na,2006-03-31,0.023008073
usa,mkt,monthly,vw_cap,na,5260,na,2006-04-30,0.0101406623
usa,mkt,monthly,vw_cap,na,5250,na,2006-05-31,-0.041137192
usa,mkt,monthly,vw_cap,na,5254,na,2006-06-30,-0.006752878
usa,mkt,monthly,vw_cap,na,5254,na,2006-07-31,-0.024469413
usa,mkt,monthly,vw_cap,na,5250,na,2006-08-31,0.0212346374
usa,mkt,monthly,vw_cap,na,5242,na,2006-09-30,0.011859265
usa,mkt,monthly,vw_cap,na,5224,na,2006-10-31,0.0377308484
usa,mkt,monthly,vw_cap,na,5221,na,2006-11-30,0.0265372868
usa,mkt,monthly,vw_cap,na,5227,na,2006-12-31,0.002136215
usa,mkt,monthly,vw_cap,na,5211,na,2007-01-31,0.0200898832
usa,mkt,monthly,vw_cap,na,5201,na,2007-02-28,-0.004906351
usa,mkt,monthly,vw_cap,na,5195,na,2007-03-31,0.00755559
usa,mkt,monthly,vw_cap,na,5184,na,2007-04-30,0.0334921704
usa,mkt,monthly,vw_cap,na,5181,na,2007-05-31,0.0387358664
usa,mkt,monthly,vw_cap,na,5188,na,2007-06-30,-0.016325433
usa,mkt,monthly,vw_cap,na,5192,na,2007-07-31,-0.042071059
usa,mkt,monthly,vw_cap,na,5183,na,2007-08-31,-0.001286104
usa,mkt,monthly,vw_cap,na,5192,na,2007-09-30,0.031766794
usa,mkt,monthly,vw_cap,na,5150,na,2007-10-31,0.0237851086
usa,mkt,monthly,vw_cap,na,5146,na,2007-11-30,-0.060015844
usa,mkt,monthly,vw_cap,na,5134,na,2007-12-31,-0.008865329
usa,mkt,monthly,vw_cap,na,5151,na,2008-01-31,-0.064071054
usa,mkt,monthly,vw_cap,na,5140,na,2008-02-29,-0.021377528
usa,mkt,monthly,vw_cap,na,5114,na,2008-03-31,-0.021309431
usa,mkt,monthly,vw_cap,na,5093,na,2008-04-30,0.0536768775
usa,mkt,monthly,vw_cap,na,5081,na,2008-05-31,0.0387069319
usa,mkt,monthly,vw_cap,na,5071,na,2008-06-30,-0.084555984
usa,mkt,monthly,vw_cap,na,5041,na,2008-07-31,-0.015403835
usa,mkt,monthly,vw_cap,na,5022,na,2008-08-31,0.0151324058
usa,mkt,monthly,vw_cap,na,4997,na,2008-09-30,-0.118746823
usa,mkt,monthly,vw_cap,na,4962,na,2008-10-31,-0.213367123
usa,mkt,monthly,vw_cap,na,4919,na,2008-11-30,-0.099747634
usa,mkt,monthly,vw_cap,na,4898,na,2008-12-31,0.0409532325
usa,mkt,monthly,vw_cap,na,4865,na,2009-01-31,-0.074888814
usa,mkt,monthly,vw_cap,na,4836,na,2009-02-28,-0.10205153
usa,mkt,monthly,vw_cap,na,4796,na,2009-03-31,0.0953896928
usa,mkt,monthly,vw_cap,na,4765,na,2009-04-30,0.1520223268
usa,mkt,monthly,vw_cap,na,4735,na,2009-05-31,0.0652063485
usa,mkt,monthly,vw_cap,na,4708,na,2009-06-30,-0.000056217
usa,mkt,monthly,vw_cap,na,4692,na,2009-07-31,0.0914391831
usa,mkt,monthly,vw_cap,na,4676,na,2009-08-31,0.0384118701
usa,mkt,monthly,vw_cap,na,4662,na,2009-09-30,0.0580868726
usa,mkt,monthly,vw_cap,na,4645,na,2009-10-31,-0.0442943
usa,mkt,monthly,vw_cap,na,4624,na,2009-11-30,0.0515451057
usa,mkt,monthly,vw_cap,na,4612,na,2009-12-31,0.0530302788
usa,mkt,monthly,vw_cap,na,4594,na,2010-01-31,-0.03597985
usa,mkt,monthly,vw_cap,na,4587,na,2010-02-28,0.0441293217
usa,mkt,monthly,vw_cap,na,4569,na,2010-03-31,0.0695170818
usa,mkt,monthly,vw_cap,na,4562,na,2010-04-30,0.0343858129
usa,mkt,monthly,vw_cap,na,4558,na,2010-05-31,-0.077038201
usa,mkt,monthly,vw_cap,na,4562,na,2010-06-30,-0.061078388
usa,mkt,monthly,vw_cap,na,4528,na,2010-07-31,0.0710597064
usa,mkt,monthly,vw_cap,na,4535,na,2010-08-31,-0.048477288
usa,mkt,monthly,vw_cap,na,4529,na,2010-09-30,0.1084676661
usa,mkt,monthly,vw_cap,na,4510,na,2010-10-31,0.040443157
usa,mkt,monthly,vw_cap,na,4497,na,2010-11-30,0.0187936342
usa,mkt,monthly,vw_cap,na,4475,na,2010-12-31,0.072718849
usa,mkt,monthly,vw_cap,na,4480,na,2011-01-31,0.0166550737
usa,mkt,monthly,vw_cap,na,4476,na,2011-02-28,0.0443704641
usa,mkt,monthly,vw_cap,na,4466,na,2011-03-31,0.0135984838
usa,mkt,monthly,vw_cap,na,4440,na,2011-04-30,0.0289401642
usa,mkt,monthly,vw_cap,na,4429,na,2011-05-31,-0.011985462
usa,mkt,monthly,vw_cap,na,4410,na,2011-06-30,-0.020446349
usa,mkt,monthly,vw_cap,na,4390,na,2011-07-31,-0.033767128
usa,mkt,monthly,vw_cap,na,4393,na,2011-08-31,-0.070613038
usa,mkt,monthly,vw_cap,na,4382,na,2011-09-30,-0.102041586
usa,mkt,monthly,vw_cap,na,4371,na,2011-10-31,0.1351586722
usa,mkt,monthly,vw_cap,na,4375,na,2011-11-30,-0.007505711
usa,mkt,monthly,vw_cap,na,4361,na,2011-12-31,-0.006567295
usa,mkt,monthly,vw_cap,na,4345,na,2012-01-31,0.0665896319
usa,mkt,monthly,vw_cap,na,4336,na,2012-02-29,0.0439003413
usa,mkt,monthly,vw_cap,na,4340,na,2012-03-31,0.0184509976
usa,mkt,monthly,vw_cap,na,4339,na,2012-04-30,-0.010034818
usa,mkt,monthly,vw_cap,na,4327,na,2012-05-31,-0.075907224
usa,mkt,monthly,vw_cap,na,4319,na,2012-06-30,0.0329803301
usa,mkt,monthly,vw_cap,na,4296,na,2012-07-31,0.0000683487
usa,mkt,monthly,vw_cap,na,4289,na,2012-08-31,0.0334808847
usa,mkt,monthly,vw_cap,na,4275,na,2012-09-30,0.0279823353
usa,mkt,monthly,vw_cap,na,4252,na,2012-10-31,-0.010468156
usa,mkt,monthly,vw_cap,na,4260,na,2012-11-30,0.0117589896
usa,mkt,monthly,vw_cap,na,4231,na,2012-12-31,0.0231031428
usa,mkt,monthly,vw_cap,na,4224,na,2013-01-31,0.0644197782
usa,mkt,monthly,vw_cap,na,4213,na,2013-02-28,0.0080350543
usa,mkt,monthly,vw_cap,na,4208,na,2013-03-31,0.0425647423
usa,mkt,monthly,vw_cap,na,4194,na,2013-04-30,0.0060013703
usa,mkt,monthly,vw_cap,na,4189,na,2013-05-31,0.0313064476
usa,mkt,monthly,vw_cap,na,4188,na,2013-06-30,-0.012268888
usa,mkt,monthly,vw_cap,na,4193,na,2013-07-31,0.0639446311
usa,mkt,monthly,vw_cap,na,4199,na,2013-08-31,-0.021968765
usa,mkt,monthly,vw_cap,na,4201,na,2013-09-30,0.0479399582
usa,mkt,monthly,vw_cap,na,4217,na,2013-10-31,0.0334905481
usa,mkt,monthly,vw_cap,na,4213,na,2013-11-30,0.0259309033
usa,mkt,monthly,vw_cap,na,4225,na,2013-12-31,0.0304650141
usa,mkt,monthly,vw_cap,na,4227,na,2014-01-31,-0.026615366
usa,mkt,monthly,vw_cap,na,4238,na,2014-02-28,0.0534362376
usa,mkt,monthly,vw_cap,na,4245,na,2014-03-31,-0.000935754
usa,mkt,monthly,vw_cap,na,4262,na,2014-04-30,-0.012712026
usa,mkt,monthly,vw_cap,na,4274,na,2014-05-31,0.0173159711
usa,mkt,monthly,vw_cap,na,4289,na,2014-06-30,0.0405363962
usa,mkt,monthly,vw_cap,na,4309,na,2014-07-31,-0.034510449
usa,mkt,monthly,vw_cap,na,4333,na,2014-08-31,0.0445660735
usa,mkt,monthly,vw_cap,na,4341,na,2014-09-30,-0.038030532
usa,mkt,monthly,vw_cap,na,4347,na,2014-10-31,0.0247541555
usa,mkt,monthly,vw_cap,na,4356,na,2014-11-30,0.0165957877
usa,mkt,monthly,vw_cap,na,4368,na,2014-12-31,0.003317708
usa,mkt,monthly,vw_cap,na,4369,na,2015-01-31,-0.02939443
usa,mkt,monthly,vw_cap,na,4362,na,2015-02-28,0.064892868
usa,mkt,monthly,vw_cap,na,4352,na,2015-03-31,-0.001824943
usa,mkt,monthly,vw_cap,na,4354,na,2015-04-30,0.0029278612
usa,mkt,monthly,vw_cap,na,4354,na,2015-05-31,0.0128828857
usa,mkt,monthly,vw_cap,na,4357,na,2015-06-30,-0.014703323
usa,mkt,monthly,vw_cap,na,4363,na,2015-07-31,-0.002529029
usa,mkt,monthly,vw_cap,na,4387,na,2015-08-31,-0.057673562
usa,mkt,monthly,vw_cap,na,4382,na,2015-09-30,-0.046554528
usa,mkt,monthly,vw_cap,na,4358,na,2015-10-31,0.06433432
usa,mkt,monthly,vw_cap,na,4365,na,2015-11-30,0.0087910439
usa,mkt,monthly,vw_cap,na,4367,na,2015-12-31,-0.035599505
usa,mkt,monthly,vw_cap,na,4332,na,2016-01-31,-0.074764879
usa,mkt,monthly,vw_cap,na,4309,na,2016-02-29,0.0107522346
usa,mkt,monthly,vw_cap,na,4299,na,2016-03-31,0.0781952171
usa,mkt,monthly,vw_cap,na,4281,na,2016-04-30,0.021586355
usa,mkt,monthly,vw_cap,na,4262,na,2016-05-31,0.0118620344
usa,mkt,monthly,vw_cap,na,4261,na,2016-06-30,-0.005021172
usa,mkt,monthly,vw_cap,na,4239,na,2016-07-31,0.0472836083
usa,mkt,monthly,vw_cap,na,4244,na,2016-08-31,0.0072384894
usa,mkt,monthly,vw_cap,na,4229,na,2016-09-30,0.0065009538
usa,mkt,monthly,vw_cap,na,4212,na,2016-10-31,-0.028481856
usa,mkt,monthly,vw_cap,na,4214,na,2016-11-30,0.0652039742
usa,mkt,monthly,vw_cap,na,4209,na,2016-12-31,0.0121074951
usa,mkt,monthly,vw_cap,na,4207,na,2017-01-31,0.025725088
usa,mkt,monthly,vw_cap,na,4201,na,2017-02-28,0.025329385
usa,mkt,monthly,vw_cap,na,4191,na,2017-03-31,0.0017219612
usa,mkt,monthly,vw_cap,na,4189,na,2017-04-30,0.0079602243
usa,mkt,monthly,vw_cap,na,4201,na,2017-05-31,0.0013762723
usa,mkt,monthly,vw_cap,na,4199,na,2017-06-30,0.0151074323
usa,mkt,monthly,vw_cap,na,4199,na,2017-07-31,0.0164751658
usa,mkt,monthly,vw_cap,na,4192,na,2017-08-31,-0.005844759
usa,mkt,monthly,vw_cap,na,4184,na,2017-09-30,0.0370393917
usa,mkt,monthly,vw_cap,na,4166,na,2017-10-31,0.0134190081
usa,mkt,monthly,vw_cap,na,4168,na,2017-11-30,0.0303838943
usa,mkt,monthly,vw_cap,na,4173,na,2017-12-31,0.0107256101
usa,mkt,monthly,vw_cap,na,4177,na,2018-01-31,0.0431181116
usa,mkt,monthly,vw_cap,na,4176,na,2018-02-28,-0.041141819
usa,mkt,monthly,vw_cap,na,4180,na,2018-03-31,-0.004642827
usa,mkt,monthly,vw_cap,na,4174,na,2018-04-30,0.0021821585
usa,mkt,monthly,vw_cap,na,4176,na,2018-05-31,0.0264424634
usa,mkt,monthly,vw_cap,na,4184,na,2018-06-30,0.0046942646
usa,mkt,monthly,vw_cap,na,4211,na,2018-07-31,0.0236149104
usa,mkt,monthly,vw_cap,na,4215,na,2018-08-31,0.0269538918
usa,mkt,monthly,vw_cap,na,4222,na,2018-09-30,-0.006458477
usa,mkt,monthly,vw_cap,na,4222,na,2018-10-31,-0.092527534
usa,mkt,monthly,vw_cap,na,4226,na,2018-11-30,0.017717113
usa,mkt,monthly,vw_cap,na,4218,na,2018-12-31,-0.103966548
usa,mkt,monthly,vw_cap,na,4208,na,2019-01-31,0.1059586084
usa,mkt,monthly,vw_cap,na,4196,na,2019-02-28,0.0422338785
usa,mkt,monthly,vw_cap,na,4188,na,2019-03-31,-0.002704022
usa,mkt,monthly,vw_cap,na,4176,na,2019-04-30,0.0363077582
usa,mkt,monthly,vw_cap,na,4195,na,2019-05-31,-0.072456668
usa,mkt,monthly,vw_cap,na,4210,na,2019-06-30,0.0739254094
usa,mkt,monthly,vw_cap,na,4216,na,2019-07-31,0.0076182314
usa,mkt,monthly,vw_cap,na,4224,na,2019-08-31,-0.038271526
usa,mkt,monthly,vw_cap,na,4207,na,2019-09-30,0.0145935527
usa,mkt,monthly,vw_cap,na,4206,na,2019-10-31,0.012322063
usa,mkt,monthly,vw_cap,na,4207,na,2019-11-30,0.0416798093
usa,mkt,monthly,vw_cap,na,4191,na,2019-12-31,0.0264073934
usa,mkt,monthly,vw_cap,na,4190,na,2020-01-31,-0.016692455
usa,mkt,monthly,vw_cap,na,4193,na,2020-02-29,-0.083395512
usa,mkt,monthly,vw_cap,na,4192,na,2020-03-31,-0.190443679
usa,mkt,monthly,vw_cap,na,4185,na,2020-04-30,0.1480790892
usa,mkt,monthly,vw_cap,na,4177,na,2020-05-31,0.0726288483
usa,mkt,monthly,vw_cap,na,4166,na,2020-06-30,0.024385446
usa,mkt,monthly,vw_cap,na,4178,na,2020-07-31,0.0502460637
usa,mkt,monthly,vw_cap,na,4194,na,2020-08-31,0.0476662006
usa,mkt,monthly,vw_cap,na,4223,na,2020-09-30,-0.02293946
usa,mkt,monthly,vw_cap,na,4250,na,2020-10-31,0.0005555384
usa,mkt,monthly,vw_cap,na,4314,na,2020-11-30,0.1555353176
usa,mkt,monthly,vw_cap,na,4367,na,2020-12-31,0.0578588531
usa,mkt,monthly,vw_cap,na,4425,na,2021-01-31,0.012145628
usa,mkt,monthly,vw_cap,na,4485,na,2021-02-28,0.0507343253
usa,mkt,monthly,vw_cap,na,4555,na,2021-03-31,0.0245382635
usa,mkt,monthly,vw_cap,na,4688,na,2021-04-30,0.0380636599
usa,mkt,monthly,vw_cap,na,4833,na,2021-05-31,0.0099756476
usa,mkt,monthly,vw_cap,na,4908,na,2021-06-30,0.0146236454
usa,mkt,monthly,vw_cap,na,4970,na,2021-07-31,-0.010173631
usa,mkt,monthly,vw_cap,na,5054,na,2021-08-31,0.0233631462
usa,mkt,monthly,vw_cap,na,5100,na,2021-09-30,-0.035209635
usa,mkt,monthly,vw_cap,na,5143,na,2021-10-31,0.0520551325
usa,mkt,monthly,vw_cap,na,5198,na,2021-11-30,-0.041404626
usa,mkt,monthly,vw_cap,na,5265,na,2021-12-31,0.0297852579
usa,mkt,monthly,vw_cap,na,5346,na,2022-01-31,-0.074936166
usa,mkt,monthly,vw_cap,na,5406,na,2022-02-28,-0.002866315
usa,mkt,monthly,vw_cap,na,5425,na,2022-03-31,0.0169049296
usa,mkt,monthly,vw_cap,na,5448,na,2022-04-30,-0.087015388
usa,mkt,monthly,vw_cap,na,5468,na,2022-05-31,-0.000800685
usa,mkt,monthly,vw_cap,na,5469,na,2022-06-30,-0.093515067
usa,mkt,monthly,vw_cap,na,5467,na,2022-07-31,0.0920607823
usa,mkt,monthly,vw_cap,na,5449,na,2022-08-31,-0.027330638
usa,mkt,monthly,vw_cap,na,5450,na,2022-09-30,-0.095634232
usa,mkt,monthly,vw_cap,na,5422,na,2022-10-31,0.0885180855
usa,mkt,monthly,vw_cap,na,5400,na,2022-11-30,0.0479282016
usa,mkt,monthly,vw_cap,na,5309,na,2022-12-31,-0.057512207
usa,mkt,monthly,vw_cap,na,5266,na,2023-01-31,0.0868004547
usa,mkt,monthly,vw_cap,na,5237,na,2023-02-28,-0.029603556
usa,mkt,monthly,vw_cap,na,5176,na,2023-03-31,-0.015406514
usa,mkt,monthly,vw_cap,na,5161,na,2023-04-30,-0.011149984
usa,mkt,monthly,vw_cap,na,5145,na,2023-05-31,-0.023006967
usa,mkt,monthly,vw_cap,na,5116,na,2023-06-30,0.0736661358
usa,mkt,monthly,vw_cap,na,5082,na,2023-07-31,0.039931121
usa,mkt,monthly,vw_cap,na,5054,na,2023-08-31,-0.040318062
usa,mkt,monthly,vw_cap,na,5034,na,2023-09-30,-0.054417892
usa,mkt,monthly,vw_cap,na,5007,na,2023-10-31,-0.055666323
usa,mkt,monthly,vw_cap,na,4983,na,2023-11-30,0.0900213686
usa,mkt,monthly,vw_cap,na,4944,na,2023-12-31,0.0787592502